dtp_id,temp_c,feels_like_c,precipitation_type,precipitation_mm,snow_depth_cm,wind_speed_ms,wind_gust_ms,humidity_pct,pressure_hpa,visibility_m,sunrise_ts,sunset_ts,daylight_minutes,is_twilight,is_dark,is_daylight,day_of_week,is_weekend,is_holiday,holiday_name,season,ice_risk,low_visibility_flag,bad_weather_flag,dark_without_lights_flag
414372627,0.65,-3.5703514,rain,0.1,5.0,14.57889,32.399998,96.80035,972.8945,,2020-01-01 09:00:33.581061,2020-01-01 16:07:59.113590,427.42554215,0,1,0,2,0,1,Новогодние каникулы,winter,1,0,0,1
414371827,-0.25,-6.4563727,none,0.0,5.0,25.862436,46.44,87.00897,981.40875,,2020-01-01 09:01:07.130020,2020-01-01 16:06:00.295743,424.8860953833333,0,1,0,2,0,1,Новогодние каникулы,winter,1,0,1,1
414377027,-1.2,-7.7904005,none,0.0,4.0,27.181787,52.92,83.42056,979.16046,,2020-01-01 08:59:03.622027,2020-01-01 16:07:26.049112,428.37378474999997,0,0,1,2,0,1,Новогодние каникулы,winter,1,0,1,0
414366427,0.7,-3.8571186,rain,0.1,4.0,16.78156,30.960001,95.755844,977.09143,,2020-01-01 08:58:18.252923,2020-01-01 16:06:59.576391,428.68872446666666,0,1,0,2,0,1,Новогодние каникулы,winter,1,0,1,1
414533427,-0.3,-5.678259,none,0.0,4.0,20.746122,35.64,91.27044,992.66174,,2020-01-03 08:58:10.292715,2020-01-03 16:08:27.489732,430.28661695,0,1,0,4,0,1,Новогодние каникулы,winter,1,0,1,1
414777827,-2.75,-7.5763707,none,0.0,5.0,12.88981,21.96,75.092804,1001.79395,,2020-01-07 08:56:13.237692,2020-01-07 16:15:12.057267,438.98032625,0,1,0,1,0,1,Рождество Христово,winter,0,0,0,1
414832627,-0.4,-4.5726423,none,0.0,6.0,12.10157,22.319998,89.27039,1006.68207,,2020-01-07 08:58:47.757420,2020-01-07 16:15:38.353254,436.8432639,0,1,0,1,0,1,Рождество Христово,winter,1,0,0,1
414366627,0.7,-3.6101644,rain,0.1,5.0,15.141414,32.039997,96.10332,977.6943,,2020-01-01 09:00:52.661738,2020-01-01 16:06:54.396301,426.02890938333337,0,1,0,2,0,1,Новогодние каникулы,winter,1,0,1,1
414366827,0.7,-3.9001014,rain,0.1,5.0,17.0763,30.599998,95.755844,980.278,,2020-01-01 08:58:37.877514,2020-01-01 16:06:11.962115,427.5680766833333,0,1,0,2,0,1,Новогодние каникулы,winter,1,0,1,1
414369627,-0.05,-6.223693,none,0.0,5.0,26.200977,47.16,89.6283,982.2057,,2020-01-01 09:00:34.952779,2020-01-01 16:05:40.272281,425.08865836666666,0,1,0,2,0,1,Новогодние каникулы,winter,1,0,1,1
414368027,0.8,-3.5076394,rain,0.1,5.0,15.124284,27.359999,95.41316,977.5841,,2020-01-01 08:59:49.363204,2020-01-01 16:05:39.606580,425.8373896,0,1,0,2,0,1,Новогодние каникулы,winter,1,0,1,1
414381027,-3.7,-9.191635,none,0.0,5.0,15.484185,32.399998,62.86743,995.0775,,2020-01-01 09:00:18.847995,2020-01-01 16:06:43.308897,426.40768169999996,1,0,0,2,0,1,Новогодние каникулы,winter,0,0,1,0
414383427,-2.15,-8.518676,none,0.0,4.0,22.127556,47.519997,61.071125,985.62897,,2020-01-01 08:59:36.865715,2020-01-01 16:06:46.315513,427.1574966333334,0,0,1,2,0,1,Новогодние каникулы,winter,0,0,1,0
414383827,-4.7,-9.518054,none,0.0,5.0,11.792404,21.96,76.799194,990.7217,,2020-01-01 09:01:03.876718,2020-01-01 16:05:43.824522,424.6657967333333,0,1,0,2,0,1,Новогодние каникулы,winter,0,0,0,1
414387627,-2.9,-7.931358,none,0.0,5.0,14.05845,28.08,73.92219,994.32825,,2020-01-01 09:00:01.283733,2020-01-01 16:05:35.976586,425.57821421666665,0,1,0,2,0,1,Новогодние каникулы,winter,0,0,0,1
414390627,-2.15,-8.74206,none,0.0,4.0,23.83896,48.96,62.514606,984.3476,,2020-01-01 08:59:04.330639,2020-01-01 16:10:13.970005,431.1606561,0,0,1,2,0,1,Новогодние каникулы,winter,0,0,1,0
414392427,-2.1,-6.885709,none,0.0,4.0,13.138765,26.28,75.78455,991.4894,,2020-01-01 08:59:52.679054,2020-01-01 16:08:14.346459,428.36112341666666,0,1,0,2,0,1,Новогодние каникулы,winter,0,0,0,1
414393427,-1.75,-6.693304,none,0.0,5.0,14.512064,28.08,76.13423,994.3193,,2020-01-01 09:00:04.511494,2020-01-01 16:05:14.363757,425.16420438333336,0,1,0,2,0,1,Новогодние каникулы,winter,1,0,0,1
414394827,-1.75,-6.890938,none,0.0,5.0,15.683776,25.56,74.70261,996.2631,,2020-01-01 08:59:23.285944,2020-01-01 16:05:49.862957,426.44295021666665,0,1,0,2,0,1,Новогодние каникулы,winter,1,0,1,1
414399227,-4.6,-9.53581,none,0.0,5.0,12.661564,25.199999,76.81632,992.46075,,2020-01-01 09:00:57.877751,2020-01-01 16:06:40.724278,425.71410878333336,0,1,0,2,0,1,Новогодние каникулы,winter,0,0,0,1
414468427,-1.5,-8.317675,none,0.0,5.0,27.181787,52.199997,73.34251,983.3913,,2020-01-01 08:59:20.543300,2020-01-01 16:06:52.911802,427.53947503333336,0,0,1,2,0,1,Новогодние каникулы,winter,1,0,1,0
414709827,-1.15,-7.7867546,none,0.0,5.0,27.416782,50.76,82.49649,986.1467,,2020-01-01 08:58:52.599862,2020-01-01 16:05:08.606858,426.26678326666666,0,0,1,2,0,1,Новогодние каникулы,winter,1,0,1,0
414942827,-3.75,-8.874779,none,0.0,6.0,13.276144,36.0,65.887924,983.3278,,2020-01-01 09:02:57.562685,2020-01-01 16:06:11.802633,423.23733246666666,0,0,1,2,0,1,Новогодние каникулы,winter,0,0,0,0
415064027,0.45,-3.9979844,snow,0.2,5.0,15.716793,28.44,95.400246,974.74963,,2020-01-01 08:59:56.037037,2020-01-01 16:05:43.716360,425.79465538333335,0,1,0,2,0,1,Новогодние каникулы,winter,1,0,1,1
414479427,-1.95,-6.9261613,none,0.0,4.0,14.408997,26.28,74.666145,991.7063,,2020-01-01 08:59:11.229630,2020-01-01 16:06:51.548002,427.6719728666667,0,1,0,2,0,1,Новогодние каникулы,winter,1,0,0,1
414772427,-3.65,-8.292158,none,0.0,5.0,10.587918,19.08,70.97757,1005.7173,,2020-01-07 08:56:18.029443,2020-01-07 16:13:47.663601,437.49390263333333,0,1,0,1,0,1,Рождество Христово,winter,0,0,0,1
414816227,-1.0,-5.280197,none,0.0,6.0,11.592894,22.319998,84.070435,1003.26117,,2020-01-07 08:56:50.574145,2020-01-07 16:13:05.590966,436.25028035,0,1,0,1,0,1,Рождество Христово,winter,1,0,0,1
414819827,-1.05,-5.456058,none,0.0,6.0,12.413477,28.8,84.06438,1004.9725,,2020-01-07 08:57:43.395398,2020-01-07 16:13:08.930295,435.4255816166667,1,0,0,1,0,1,Рождество Христово,winter,1,0,0,0
414822427,-0.9,-5.151699,snow,0.1,6.0,11.525623,20.16,84.396255,1004.13464,,2020-01-07 08:56:23.653153,2020-01-07 16:13:19.202300,436.9258191166667,0,1,0,1,0,1,Рождество Христово,winter,1,0,0,1
414826227,-0.7,-5.050071,snow,0.1,6.0,12.904882,21.599998,88.26104,1008.2005,,2020-01-07 08:57:49.846689,2020-01-07 16:14:35.765162,436.7653078833334,0,1,0,1,0,1,Рождество Христово,winter,1,0,0,1
414826627,-0.8,-5.1562304,snow,0.1,5.0,12.72283,21.599998,87.27668,997.5464,,2020-01-07 08:57:00.826970,2020-01-07 16:14:58.939121,437.96853585,0,1,0,1,0,1,Рождество Христово,winter,1,0,0,1
414828027,-0.7,-4.976122,snow,0.1,6.0,12.397806,19.44,88.26104,1006.9411,,2020-01-07 08:56:23.490975,2020-01-07 16:13:55.995597,437.5417437,0,1,0,1,0,1,Рождество Христово,winter,1,0,0,1
414834027,-3.65,-8.292158,none,0.0,5.0,10.587918,19.08,70.97757,1007.2431,,2020-01-07 08:56:08.223737,2020-01-07 16:13:43.895961,437.5945370666667,0,1,0,1,0,1,Рождество Христово,winter,0,0,0,1
414778427,-2.7,-7.631564,none,0.0,5.0,13.783817,26.28,76.25963,996.6898,,2020-01-07 08:57:00.703955,2020-01-07 16:15:41.411956,438.67846668333334,0,1,0,1,0,1,Рождество Христово,winter,0,0,0,1
414600427,-0.2,-5.357294,none,0.0,6.0,18.440998,36.36,85.106606,977.8126,,2020-01-04 08:58:21.050359,2020-01-04 16:09:20.052455,430.9833682666667,0,1,0,5,1,1,Новогодние каникулы,winter,1,0,1,1
414577227,-1.15,-6.3495264,none,0.0,4.0,17.727943,35.28,83.73903,969.9543,,2020-01-04 08:58:21.485217,2020-01-04 16:11:12.010256,432.84208398333334,0,0,1,5,1,1,Новогодние каникулы,winter,1,0,1,0
414582427,-2.3,-7.7972355,none,0.0,5.0,19.64228,32.399998,90.11523,983.30566,,2020-01-04 08:59:26.832782,2020-01-04 16:09:34.456675,430.12706488333333,0,1,0,5,1,1,Новогодние каникулы,winter,0,0,1,1
414591227,-0.95,-6.0012197,snow,0.5,5.0,17.399586,38.88,87.58626,979.88715,,2020-01-04 08:58:29.059937,2020-01-04 16:08:59.721134,430.51101995000005,1,0,0,5,1,1,Новогодние каникулы,winter,1,0,1,0
414592227,-2.3,-7.7972355,none,0.0,5.0,19.64228,32.399998,90.11523,983.79974,,2020-01-04 08:59:10.080786,2020-01-04 16:09:48.955094,430.6479051333333,0,1,0,5,1,1,Новогодние каникулы,winter,0,0,1,1
414604227,-0.45,-5.425347,none,0.0,6.0,17.10284,34.56,86.02885,980.3105,,2020-01-04 08:59:23.403778,2020-01-04 16:08:43.049751,429.3274328833333,0,1,0,5,1,1,Новогодние каникулы,winter,1,0,1,1
414604427,0.1,-4.859225,none,0.0,5.0,17.49615,32.760002,86.08762,981.0072,,2020-01-04 08:57:38.130843,2020-01-04 16:09:15.175088,431.6174040833333,0,1,0,5,1,1,Новогодние каникулы,winter,1,0,1,1
414608627,0.35,-4.5659504,none,0.0,6.0,17.673029,30.239998,87.71049,982.6624,,2020-01-04 08:58:23.662971,2020-01-04 16:10:03.697355,431.6672397333333,0,1,0,5,1,1,Новогодние каникулы,winter,1,0,1,1
414610027,0.15,-4.450132,none,0.0,7.0,15.459054,30.239998,88.66322,973.37,,2020-01-04 09:01:58.776621,2020-01-04 16:10:22.718649,428.39903380000004,0,1,0,5,1,1,Новогодние каникулы,winter,1,0,1,1
414612427,0.6,-4.3058043,none,0.0,6.0,18.043148,32.399998,89.02769,981.75305,,2020-01-04 08:58:18.590329,2020-01-04 16:10:18.386648,431.99660531666666,0,1,0,5,1,1,Новогодние каникулы,winter,1,0,1,1
414615427,0.3,-4.5064373,none,0.0,6.0,16.87398,29.16,87.70574,980.7515,,2020-01-04 08:58:50.129416,2020-01-04 16:09:47.342225,430.9535468166667,0,1,0,5,1,1,Новогодние каникулы,winter,1,0,1,1
414616827,0.6,-4.3058043,none,0.0,5.0,18.043148,32.399998,89.02769,975.7914,,2020-01-04 08:57:48.211605,2020-01-04 16:10:59.788982,433.19295628333333,0,1,0,5,1,1,Новогодние каникулы,winter,1,0,1,1
414709427,-0.75,-6.0182714,snow,0.1,6.0,18.844202,38.519997,85.996635,977.84564,,2020-01-04 08:58:28.095796,2020-01-04 16:08:38.061709,430.16609855,0,1,0,5,1,1,Новогодние каникулы,winter,1,0,1,1
414737227,-2.05,-8.011862,none,0.0,5.0,22.380884,43.92,84.89436,983.90735,,2020-01-04 08:59:18.849250,2020-01-04 16:08:46.549081,429.46166385000004,0,1,0,5,1,1,Новогодние каникулы,winter,0,0,1,1
414792827,-0.95,-6.5366154,snow,0.3,5.0,20.808498,37.44,85.656044,980.0833,,2020-01-04 08:59:21.895087,2020-01-04 16:10:13.528714,430.86056045,0,0,1,5,1,1,Новогодние каникулы,winter,1,0,1,0
414887627,-1.45,-6.9314175,none,0.0,5.0,19.914215,36.0,87.537994,987.9288,,2020-01-04 08:59:16.686981,2020-01-04 16:09:09.642655,429.8825945666667,0,1,0,5,1,1,Новогодние каникулы,winter,1,0,1,1
415443627,-1.0,-6.084674,snow,0.5,5.0,17.58481,36.0,87.58144,982.4613,,2020-01-04 08:58:08.413255,2020-01-04 16:09:43.337405,431.58206916666666,1,0,0,5,1,1,Новогодние каникулы,winter,1,0,1,0
415452427,-0.9,-6.8444953,snow,0.2,5.0,23.090569,36.719997,84.08254,981.95135,,2020-01-04 08:58:20.877526,2020-01-04 16:09:56.342164,431.5910773,0,0,1,5,1,1,Новогодние каникулы,winter,1,0,1,0
416480427,0.3,-4.668146,none,0.0,6.0,18.079027,33.12,88.3518,975.9319,,2020-01-04 08:58:05.912771,2020-01-04 16:10:32.681613,432.4461473666667,0,1,0,5,1,1,Новогодние каникулы,winter,1,0,1,1
414595427,-0.8,-6.557515,snow,0.3,5.0,21.980644,33.12,84.72267,978.1363,,2020-01-04 08:59:33.627338,2020-01-04 16:09:49.077815,430.25750795,0,0,1,5,1,1,Новогодние каникулы,winter,1,0,1,0
414380427,-4.4,-9.646022,none,0.0,4.0,14.021525,29.88,68.37146,994.29254,,2020-01-01 08:58:15.926610,2020-01-01 16:05:18.940442,427.0502305333333,0,1,0,2,0,1,Новогодние каникулы,winter,0,0,0,1
414799427,-1.15,-5.7289753,none,0.0,6.0,12.979984,23.4,80.060425,1004.09796,,2020-01-07 08:58:06.821939,2020-01-07 16:13:43.449129,435.6104531666667,0,0,1,1,0,1,Рождество Христово,winter,1,0,0,0
414834227,-0.55,-4.894613,none,0.0,5.0,13.049689,22.68,88.60134,1005.01166,,2020-01-07 08:55:54.540850,2020-01-07 16:14:56.551825,439.03351625,0,1,0,1,0,1,Рождество Христово,winter,1,0,0,1
414860427,0.0,-4.349216,snow,0.1,7.0,13.979872,25.919998,91.29106,1002.63745,,2020-01-08 08:56:53.506798,2020-01-08 16:15:07.184387,438.22795981666667,0,0,1,2,0,1,Новогодние каникулы,winter,1,0,0,0
414381827,-4.35,-9.669623,none,0.0,4.0,14.386494,30.960001,66.79077,992.2282,,2020-01-01 08:58:22.676150,2020-01-01 16:06:33.241623,428.17609121666663,0,1,0,2,0,1,Новогодние каникулы,winter,0,0,0,1
414956627,-2.55,-8.168719,none,0.0,5.0,16.80857,37.8,61.448215,992.59454,,2020-01-01 09:00:23.459582,2020-01-01 16:05:22.707836,424.98747089999995,0,0,1,2,0,1,Новогодние каникулы,winter,0,0,1,0
414406427,-0.55,-5.747608,snow,0.1,4.0,18.359999,34.56,84.751755,990.3238,,2020-01-02 08:57:57.508225,2020-01-02 16:09:12.176700,431.24447458333333,0,1,0,3,0,1,Новогодние каникулы,winter,1,0,1,1
414402627,-1.05,-6.1595726,none,0.0,4.0,16.862455,30.239998,81.28436,990.15753,,2020-01-02 08:58:26.599113,2020-01-02 16:08:29.382075,430.04638270000004,0,1,0,3,0,1,Новогодние каникулы,winter,1,0,1,1
414665027,0.75,-4.303049,none,0.0,5.0,16.56,32.399998,71.861496,986.6381,,2020-01-05 08:57:57.928132,2020-01-05 16:12:47.897570,434.8328239666667,0,0,1,6,1,1,Новогодние каникулы,winter,1,0,1,0
414666027,1.05,-3.251833,none,0.0,6.0,11.659777,30.960001,71.920395,994.2326,,2020-01-05 08:58:50.423073,2020-01-05 16:12:27.748021,433.6220824666667,0,0,1,6,1,1,Новогодние каникулы,winter,1,0,0,0
414402827,-1.05,-6.0485325,none,0.0,4.0,15.937878,28.08,80.07524,994.69696,,2020-01-02 08:58:02.891958,2020-01-02 16:08:16.348029,430.22426785,0,1,0,3,0,1,Новогодние каникулы,winter,1,0,1,1
414403027,-1.5,-6.6789975,none,0.0,4.0,16.854767,29.88,80.31015,991.0854,,2020-01-02 08:59:10.104722,2020-01-02 16:08:02.622063,428.87528901666667,0,1,0,3,0,1,Новогодние каникулы,winter,1,0,1,1
414404227,-0.9,-5.788668,none,0.0,5.0,15.596767,29.88,82.22189,992.8962,,2020-01-02 09:00:03.242472,2020-01-02 16:08:32.136895,428.4815737166667,0,1,0,3,0,1,Новогодние каникулы,winter,1,0,1,1
414438427,1.25,-3.6902256,none,0.0,6.0,19.09358,30.960001,90.05941,992.62683,,2020-01-02 08:58:56.088021,2020-01-02 16:07:26.020306,428.49887141666665,0,1,0,3,0,1,Новогодние каникулы,winter,1,0,1,1
414444627,1.3,-3.3102043,none,0.0,6.0,16.93531,29.88,90.39078,988.3553,,2020-01-02 09:00:44.030829,2020-01-02 16:07:22.512160,426.64135551666664,0,1,0,3,0,1,Новогодние каникулы,winter,1,0,1,1
414451427,1.25,-3.1056247,none,0.0,6.0,15.137133,31.319998,90.38703,990.1657,,2020-01-02 08:59:04.064136,2020-01-02 16:06:02.798381,426.9789040833333,0,1,0,3,0,1,Новогодние каникулы,winter,1,0,1,1
414451627,-0.5,-6.097665,snow,0.4,4.0,21.325253,38.16,86.023476,987.7228,,2020-01-02 08:58:18.901625,2020-01-02 16:08:30.357436,430.1909301833333,0,1,0,3,0,1,Новогодние каникулы,winter,1,0,1,1
414456627,-0.2,-5.6006002,snow,0.3,4.0,20.291357,36.36,86.374016,989.9184,,2020-01-02 08:58:16.086646,2020-01-02 16:08:05.298006,429.82018933333336,0,0,1,3,0,1,Новогодние каникулы,winter,1,0,1,0
414458427,0.4,-5.104698,snow,0.6,4.0,21.758419,38.519997,87.71523,988.11505,,2020-01-02 08:58:14.161785,2020-01-02 16:08:10.315556,429.93589618333334,0,0,1,3,0,1,Новогодние каникулы,winter,1,0,1,0
414561027,1.4,-2.9171255,none,0.0,6.0,15.137133,25.919998,91.05594,989.9537,,2020-01-02 09:01:01.248417,2020-01-02 16:07:25.304945,426.40094213333333,0,1,0,3,0,1,Новогодние каникулы,winter,1,0,1,1
414563627,-0.3,-5.458069,snow,0.4,5.0,18.720001,36.36,87.6486,987.89386,,2020-01-02 08:59:08.773360,2020-01-02 16:06:00.292245,426.8586480833334,0,0,1,3,0,1,Новогодние каникулы,winter,1,0,1,0
414982827,1.0,-3.7256472,snow,0.1,6.0,17.414476,33.12,90.368256,989.11896,,2020-01-02 08:59:09.887552,2020-01-02 16:06:17.808474,427.1320153666667,0,1,0,3,0,1,Новогодние каникулы,winter,1,0,1,1
415090227,1.25,-2.8708143,none,0.0,6.0,13.684735,25.199999,91.37623,987.73694,,2020-01-02 09:00:39.049952,2020-01-02 16:06:46.244193,426.1199040166667,0,1,0,3,0,1,Новогодние каникулы,winter,1,0,0,1
416682427,0.95,-4.738782,snow,0.2,5.0,23.313995,38.16,86.17774,992.0209,,2020-01-02 08:59:18.066072,2020-01-02 16:07:21.704192,428.0606353333333,0,0,1,3,0,1,Новогодние каникулы,winter,1,0,1,0
414446427,1.2,-3.4358728,none,0.0,4.0,16.954432,33.12,90.05554,988.7626,,2020-01-02 08:58:24.310726,2020-01-02 16:09:06.357225,430.70077498333336,0,1,0,3,0,1,Новогодние каникулы,winter,1,0,1,1
414834627,-0.55,-4.9450006,none,0.0,5.0,13.441071,24.84,88.92904,1001.7558,,2020-01-08 08:55:38.544737,2020-01-08 16:17:11.815939,441.55452003333335,0,1,0,2,0,1,Новогодние каникулы,winter,1,0,0,1
414835027,-0.3,-4.6337404,none,0.0,6.0,13.441071,22.319998,90.26973,1007.9299,,2020-01-08 08:56:56.926036,2020-01-08 16:15:57.520056,439.00990033333335,0,1,0,2,0,1,Новогодние каникулы,winter,1,0,0,1
414901227,-0.45,-5.5370107,none,0.0,6.0,18.278645,29.16,88.93767,1000.4476,,2020-01-08 08:56:30.789143,2020-01-08 16:15:26.181367,438.9232037333333,0,1,0,2,0,1,Новогодние каникулы,winter,1,0,1,1
414903227,-0.6,-5.6327424,none,0.0,5.0,17.49615,30.960001,86.97386,999.5802,,2020-01-08 08:55:15.359825,2020-01-08 16:16:01.992707,440.7772147,0,1,0,2,0,1,Новогодние каникулы,winter,1,0,1,1
414907627,-0.35,-5.4626913,none,0.0,5.0,18.089775,32.399998,85.72185,1001.204,,2020-01-08 08:55:35.372115,2020-01-08 16:16:02.982331,440.4601702666667,0,1,0,2,0,1,Новогодние каникулы,winter,1,0,1,1
414909627,0.0,-4.606759,none,0.0,7.0,15.408671,24.84,88.97638,1003.71857,,2020-01-08 08:56:56.914582,2020-01-08 16:15:57.464325,439.0091623833333,1,0,0,2,0,1,Новогодние каникулы,winter,1,0,1,0
414915027,-0.4,-5.7194834,none,0.0,6.0,19.373219,37.44,85.08387,994.4663,,2020-01-08 08:57:11.109246,2020-01-08 16:17:57.258241,440.76914991666666,0,1,0,2,0,1,Новогодние каникулы,winter,1,0,1,1
415044427,0.0,-4.6256833,snow,0.1,6.0,15.778516,25.199999,90.62434,1005.811,,2020-01-08 08:56:17.334743,2020-01-08 16:15:56.653177,439.65530723333336,0,0,1,2,0,1,Новогодние каникулы,winter,1,0,1,0
415084827,-0.55,-5.606167,none,0.0,5.0,17.974781,30.960001,88.92904,1004.74286,,2020-01-08 08:55:26.502482,2020-01-08 16:15:48.329825,440.36378905000004,0,1,0,2,0,1,Новогодние каникулы,winter,1,0,1,1
415193427,-0.2,-5.9584827,none,0.0,7.0,22.473343,41.760002,84.47912,997.58185,,2020-01-08 08:57:19.134696,2020-01-08 16:14:55.200460,437.6010960666666,0,1,0,2,0,1,Новогодние каникулы,winter,1,0,1,1
415360627,-0.65,-5.7128816,none,0.0,5.0,17.974781,31.68,89.24941,996.764,,2020-01-08 08:55:39.113308,2020-01-08 16:16:46.103422,441.1165019,1,0,0,2,0,1,Новогодние каникулы,winter,1,0,1,0
415372627,0.15,-4.8332148,none,0.0,5.0,17.84816,32.039997,87.048935,999.12244,,2020-01-08 08:55:24.332898,2020-01-08 16:16:30.527281,441.1032397166666,0,0,1,2,0,1,Новогодние каникулы,winter,1,0,1,0
415054427,1.3,-3.2606018,none,0.0,6.0,16.595179,31.319998,90.39078,989.65454,,2020-01-02 08:59:40.102654,2020-01-02 16:06:57.680886,427.29297053333335,0,1,0,3,0,1,Новогодние каникулы,winter,1,0,1,1
414521027,1.4,-3.2707381,none,0.0,5.0,17.992796,28.44,93.72924,995.81335,,2020-01-03 08:59:23.236220,2020-01-03 16:08:54.232137,429.51659861666667,0,1,0,4,0,1,Новогодние каникулы,winter,1,0,1,1
414485227,1.45,-3.1793609,none,0.0,5.0,17.654688,29.16,93.05722,995.1738,,2020-01-03 08:58:50.691626,2020-01-03 16:08:50.468798,429.9962862,0,1,0,4,0,1,Новогодние каникулы,winter,1,0,1,1
414618227,0.65,-3.8629947,none,0.0,6.0,15.349684,29.88,88.707115,977.936,,2020-01-05 08:58:36.137498,2020-01-05 16:12:47.756196,434.1936449666666,0,1,0,6,1,1,Новогодние каникулы,winter,1,0,1,1
414622027,0.95,-3.7996736,none,0.0,6.0,17.072504,28.44,87.44726,980.16785,,2020-01-05 08:59:04.884680,2020-01-05 16:11:20.967346,432.26804443333333,0,1,0,6,1,1,Новогодние каникулы,winter,1,0,1,1
414624227,0.2,-4.7869062,none,0.0,6.0,17.873556,34.56,86.73432,979.68396,,2020-01-05 08:57:45.311228,2020-01-05 16:10:03.094774,432.2963924333333,0,1,0,6,1,1,Новогодние каникулы,winter,1,0,1,1
414625427,0.35,-4.961897,none,0.0,6.0,19.592731,37.44,82.38785,984.17145,,2020-01-05 08:59:14.116152,2020-01-05 16:10:28.522076,431.2400987333333,0,1,0,6,1,1,Новогодние каникулы,winter,1,0,1,1
414625827,-0.1,-4.6063447,none,0.0,5.0,13.797913,24.84,83.24907,983.9898,,2020-01-05 08:57:00.016512,2020-01-05 16:12:12.784967,435.21280758333336,0,1,0,6,1,1,Новогодние каникулы,winter,1,0,0,1
414653027,0.25,-4.4152784,none,0.0,5.0,14.277983,26.28,77.049835,986.4815,,2020-01-05 08:58:38.786922,2020-01-05 16:12:57.682213,434.3149215166667,0,0,1,6,1,1,Новогодние каникулы,winter,1,0,0,0
414680627,0.1,-4.11322,none,0.0,6.0,10.966713,25.919998,76.451996,992.40375,,2020-01-05 08:59:20.508627,2020-01-05 16:12:08.099405,432.79317963333335,0,0,1,6,1,1,Новогодние каникулы,winter,1,0,0,0
414700627,-1.35,-5.826006,none,0.0,6.0,12.313893,19.8,81.5477,998.48334,,2020-01-05 08:58:16.826306,2020-01-05 16:11:10.069564,432.88738763333333,0,1,0,6,1,1,Новогодние каникулы,winter,1,0,0,1
414701827,-1.55,-5.9460936,none,0.0,6.0,11.4862,23.759998,80.605576,1000.6206,,2020-01-05 08:58:38.568321,2020-01-05 16:10:00.094734,431.35877354999997,0,1,0,6,1,1,Новогодние каникулы,winter,1,0,0,1
414703027,-1.75,-6.231975,none,0.0,5.0,12.074766,23.4,81.79946,995.3793,,2020-01-05 08:58:26.626647,2020-01-05 16:13:09.873312,434.72077774999997,0,1,0,6,1,1,Новогодние каникулы,winter,1,0,0,1
415557427,0.7,-4.107145,none,0.0,6.0,15.596767,29.16,76.83868,990.59717,,2020-01-05 08:58:42.354053,2020-01-05 16:10:02.872356,431.3419717166667,0,0,1,6,1,1,Новогодние каникулы,winter,1,0,1,0
414488627,1.85,-2.75461,none,0.0,5.0,17.377226,33.12,89.78059,989.7672,,2020-01-03 08:59:22.324770,2020-01-03 16:10:01.412823,430.65146755,0,0,1,4,0,1,Новогодние каникулы,winter,1,0,1,0
414515627,1.75,-3.4432132,none,0.0,5.0,20.570463,33.48,85.32566,989.4422,,2020-01-03 08:59:03.024755,2020-01-03 16:08:25.415958,429.3731867166667,0,0,1,4,0,1,Новогодние каникулы,winter,1,0,1,0
414518227,1.7,-3.3556988,none,0.0,5.0,19.576189,33.48,85.32011,992.3351,,2020-01-03 09:00:11.372750,2020-01-03 16:08:48.922687,428.62583228333335,0,0,1,4,0,1,Новогодние каникулы,winter,1,0,1,0
414528227,-0.45,-5.806938,none,0.0,5.0,20.26899,35.28,89.92649,987.5635,,2020-01-03 09:00:05.450700,2020-01-03 16:08:04.157290,427.9784431666667,0,1,0,4,0,1,Новогодние каникулы,winter,1,0,1,1
414531427,-0.35,-5.6747017,none,0.0,5.0,20.188908,35.28,90.26591,986.1667,,2020-01-03 09:00:29.501121,2020-01-03 16:08:42.846076,428.22241591666665,0,1,0,4,0,1,Новогодние каникулы,winter,1,0,1,1
414531627,0.15,-5.3596954,none,0.0,4.0,21.889065,38.519997,89.97371,988.2441,,2020-01-03 08:57:39.198883,2020-01-03 16:09:10.459743,431.5210143333333,0,1,0,4,0,1,Новогодние каникулы,winter,1,0,1,1
414535627,-0.8,-6.315004,none,0.0,4.0,21.166653,36.719997,90.89999,989.3681,,2020-01-03 08:58:14.917715,2020-01-03 16:08:15.620234,430.01170865,0,1,0,4,0,1,Новогодние каникулы,winter,1,0,1,1
414535827,-0.2,-5.5452623,none,0.0,5.0,20.3774,32.760002,89.616135,990.93524,,2020-01-03 08:59:15.547885,2020-01-03 16:08:43.525811,429.4662987666667,0,1,0,4,0,1,Новогодние каникулы,winter,1,0,1,1
414537427,-1.0,-6.635312,none,0.0,4.0,21.94524,40.32,91.8982,983.8769,,2020-01-03 08:57:56.429426,2020-01-03 16:10:02.220397,432.09651618333334,0,1,0,4,0,1,Новогодние каникулы,winter,1,0,1,1
414538627,1.45,-2.656963,none,0.0,5.0,13.910169,24.84,92.05353,995.34357,,2020-01-03 08:58:01.043668,2020-01-03 16:08:08.400330,430.1226110333333,0,1,0,4,0,1,Новогодние каникулы,winter,1,0,0,1
414542227,-0.95,-6.2884407,none,0.0,5.0,19.681828,34.92,89.8869,984.74915,,2020-01-03 09:00:17.780369,2020-01-03 16:07:55.029094,427.62081208333336,0,1,0,4,0,1,Новогодние каникулы,winter,1,0,1,1
414542427,-1.3,-6.6851377,none,0.0,5.0,19.513195,33.839996,88.5345,985.3409,,2020-01-03 09:00:36.693239,2020-01-03 16:08:43.462382,428.11281905000004,0,1,0,4,0,1,Новогодние каникулы,winter,1,0,1,1
415559627,1.3,-3.194125,none,0.0,5.0,16.78156,31.68,94.40388,991.32214,,2020-01-03 08:58:44.348135,2020-01-03 16:07:15.332956,428.5164136833333,0,1,0,4,0,1,Новогодние каникулы,winter,1,0,1,1
415670027,0.15,-4.9576063,none,0.0,4.0,19.083395,33.839996,89.644485,990.3887,,2020-01-03 08:57:53.040514,2020-01-03 16:07:52.195434,429.98591533333337,0,1,0,4,0,1,Новогодние каникулы,winter,1,0,1,1
414672827,0.75,-4.4769344,none,0.0,6.0,18.388212,29.519999,75.99538,988.9018,,2020-01-05 08:58:41.430283,2020-01-05 16:11:08.375190,432.4490817833333,0,0,1,6,1,1,Новогодние каникулы,winter,1,0,1,0
414691627,-0.25,-4.5209913,none,0.0,5.0,11.113451,23.4,76.67891,996.5832,,2020-01-05 08:56:58.280680,2020-01-05 16:10:47.811800,433.82551866666665,0,1,0,6,1,1,Новогодние каникулы,winter,1,0,0,1
414706227,-0.65,-4.6728954,none,0.0,5.0,9.9571085,17.28,82.87033,991.2008,,2020-01-05 08:58:17.437255,2020-01-05 16:12:36.269038,434.31386305,0,1,0,6,1,1,Новогодние каникулы,winter,1,0,0,1
415229627,0.7,-4.551485,none,0.0,7.0,18.0036,35.28,72.66231,983.7288,,2020-01-05 09:01:29.269257,2020-01-05 16:11:20.342160,429.85121505,0,0,1,6,1,1,Новогодние каникулы,winter,1,0,1,0
414726227,-1.0,-4.8351946,none,0.0,6.0,6.8777895,14.4,71.78636,1005.6223,,2020-01-06 08:57:58.579300,2020-01-06 16:12:35.074994,434.60826156666667,0,0,1,0,0,1,Новогодние каникулы,winter,1,0,0,0
414712227,-2.15,-6.1747713,none,0.0,6.0,9.504273,16.919998,88.78962,1003.50775,,2020-01-06 08:58:53.707688,2020-01-06 16:13:36.756531,434.71748071666667,0,1,0,0,0,1,Новогодние каникулы,winter,0,0,0,1
414987027,1.2,-3.0703576,none,0.0,7.0,14.869351,26.64,92.70719,990.74445,,2020-01-09 08:56:32.634353,2020-01-09 16:18:07.517749,441.58138993333336,0,1,0,3,0,0,,winter,1,0,0,1
415020027,0.05,-4.3335476,none,0.0,8.0,14.118243,26.28,90.296394,994.86,,2020-01-10 08:56:32.236774,2020-01-10 16:20:23.511706,443.8545822,0,1,0,4,0,0,,winter,1,0,0,1
415019427,0.2,-4.3467946,none,0.0,7.0,15.141414,27.359999,88.66762,991.85187,,2020-01-10 08:55:25.964904,2020-01-10 16:20:04.405041,444.64066895,0,1,0,4,0,0,,winter,1,0,1,1
415060627,0.1,-4.687205,none,0.0,8.0,15.328561,29.88,79.35469,996.54834,,2020-01-10 08:54:53.392883,2020-01-10 16:18:15.145559,443.3625446,0,0,1,4,0,0,,winter,1,0,1,0
415006827,0.65,-4.061632,none,0.0,7.0,16.563911,26.64,87.73891,996.124,,2020-01-10 08:55:16.136255,2020-01-10 16:18:58.795253,443.7109833,0,1,0,4,0,0,,winter,1,0,1,1
414743627,-0.6,-4.2284656,none,0.0,6.0,5.2416787,14.04,68.14931,1005.9853,,2020-01-06 08:57:48.923079,2020-01-06 16:12:24.110598,434.58645865,0,0,1,0,0,1,Новогодние каникулы,winter,1,0,0,0
414754027,-2.2,-6.4727845,none,0.0,5.0,8.891343,15.84,70.45735,1003.8251,,2020-01-06 08:58:28.349449,2020-01-06 16:13:34.384547,435.10058496666664,0,1,0,0,0,1,Новогодние каникулы,winter,0,0,0,1
414756027,-2.2,-6.0335855,none,0.0,6.0,6.151683,10.799999,72.65122,1004.04895,,2020-01-06 08:57:01.485704,2020-01-06 16:11:51.644254,434.83597583333335,0,1,0,0,0,1,Новогодние каникулы,winter,0,0,0,1
414758627,-2.75,-7.040484,none,0.0,6.0,8.714677,15.119999,70.88779,1003.2353,,2020-01-06 08:59:12.980839,2020-01-06 16:12:45.720141,433.5456550333334,0,1,0,0,0,1,Новогодние каникулы,winter,0,0,0,1
414777427,-2.2,-6.507893,none,0.0,6.0,9.19939,15.4800005,71.00022,1004.862,,2020-01-06 08:58:45.659246,2020-01-06 16:12:52.145525,434.10810465000003,0,1,0,0,0,1,Новогодние каникулы,winter,0,0,0,1
414819627,-1.4,-4.9800453,none,0.0,6.0,4.6938257,9.0,70.62223,1006.9934,,2020-01-06 08:57:17.447169,2020-01-06 16:12:39.472352,435.36708638333334,0,0,1,0,0,1,Новогодние каникулы,winter,1,0,0,0
414953427,-1.7,-5.977935,none,0.0,6.0,9.19939,16.56,70.022865,1006.4127,,2020-01-06 08:58:22.262140,2020-01-06 16:11:34.018401,433.1959376833333,0,1,0,0,0,1,Новогодние каникулы,winter,1,0,0,1
415353827,-1.45,-5.323359,none,0.0,6.0,7.8625183,18.0,79.71537,1002.1955,,2020-01-06 08:57:41.333498,2020-01-06 16:13:17.167518,435.5972336666666,0,0,1,0,0,1,Новогодние каникулы,winter,1,0,0,0
415196627,-0.55,-4.2359676,snow,0.1,10.0,8.39657,21.599998,87.62469,988.3372,,2020-01-11 08:57:29.233565,2020-01-11 16:20:56.049384,443.4469303166667,0,0,1,5,1,0,,winter,1,0,0,0
415204827,-0.7,-4.627718,snow,0.3,11.0,10.703569,28.44,93.28002,989.62866,,2020-01-11 08:54:53.109491,2020-01-11 16:23:07.504098,448.23991011666664,0,0,1,5,1,0,,winter,1,0,0,0
415291627,-0.35,-4.5847583,snow,0.1,7.0,12.904882,23.759998,91.602875,1001.3088,,2020-01-08 08:57:34.851140,2020-01-08 16:14:55.980328,437.35215313333333,0,1,0,2,0,1,Новогодние каникулы,winter,1,0,0,1
414888227,0.15,-4.544072,none,0.0,6.0,16.055355,31.319998,88.33826,1005.8477,,2020-01-08 08:55:59.746227,2020-01-08 16:15:51.575878,439.8638275166667,0,0,1,2,0,1,Новогодние каникулы,winter,1,0,1,0
415046227,0.65,-3.8083513,none,0.0,8.0,15.124284,27.72,89.68479,992.9604,,2020-01-09 08:55:10.642255,2020-01-09 16:16:27.809857,441.2861267,0,1,0,3,0,0,,winter,1,0,1,1
414992627,1.05,-3.0734797,none,0.0,8.0,13.75558,24.48,93.03522,991.865,,2020-01-09 08:56:38.124967,2020-01-09 16:17:21.039433,440.71524109999996,0,1,0,3,0,0,,winter,1,0,0,1
414924427,-0.65,-6.221443,none,0.0,7.0,21.370783,41.039997,88.59247,989.97577,,2020-01-09 08:57:04.571447,2020-01-09 16:16:38.952961,439.57302523333334,0,1,0,3,0,0,,winter,1,0,1,1
414924627,-0.65,-6.5664973,none,0.0,6.0,23.333443,40.32,85.688995,997.2979,,2020-01-09 08:54:55.912092,2020-01-09 16:17:10.001311,442.2348203166667,0,1,0,3,0,0,,winter,1,0,1,1
414925827,-0.7,-6.663007,snow,0.6,8.0,23.740902,42.48,86.64215,989.4213,,2020-01-09 08:57:23.228051,2020-01-09 16:17:06.435098,439.72011745,0,1,0,3,0,0,,winter,1,0,1,1
414926027,-0.55,-6.5658073,snow,0.8,6.0,24.192429,43.56,86.33732,992.4538,,2020-01-09 08:54:48.458204,2020-01-09 16:16:22.188652,441.5621741333333,0,1,0,3,0,0,,winter,1,0,1,1
414949627,0.55,-4.2770267,snow,0.2,8.0,17.208603,31.68,87.40857,992.1122,,2020-01-09 08:54:52.813545,2020-01-09 16:16:35.618447,441.7134150333333,0,0,1,3,0,0,,winter,1,0,1,0
414951427,-0.55,-6.3630595,snow,0.1,7.0,22.66857,39.6,85.38286,994.00336,,2020-01-09 08:55:44.407044,2020-01-09 16:17:14.766251,441.50598678333336,0,0,1,3,0,0,,winter,1,0,1,0
414954627,-0.7,-6.9179254,snow,0.8,8.0,25.488914,42.48,86.64215,990.0442,,2020-01-09 08:55:58.560557,2020-01-09 16:17:01.938577,441.05630033333335,0,1,0,3,0,0,,winter,1,0,1,1
414956027,1.4,-3.2614934,none,0.0,7.0,16.923828,31.68,87.49058,990.9875,,2020-01-09 08:54:52.398655,2020-01-09 16:18:24.703508,443.5384142166667,0,0,1,3,0,0,,winter,1,0,1,0
414966027,1.4,-3.41896,none,0.0,8.0,18.0036,33.48,87.49058,988.1911,,2020-01-09 08:55:40.301770,2020-01-09 16:17:42.273950,442.03286966666667,0,0,1,3,0,0,,winter,1,0,1,0
414970027,1.9,-2.6618848,none,0.0,8.0,16.65754,30.239998,86.90594,990.4823,,2020-01-09 08:56:07.888882,2020-01-09 16:17:00.361531,440.87454414999996,0,0,1,3,0,0,,winter,1,0,1,0
414980827,1.35,-2.8467038,none,0.0,6.0,14.417988,27.0,92.04727,989.4811,,2020-01-09 08:54:58.071321,2020-01-09 16:18:45.687141,443.793597,0,1,0,3,0,0,,winter,1,0,0,1
414981827,1.2,-3.0703576,none,0.0,7.0,14.869351,26.64,92.70719,995.0559,,2020-01-09 08:57:22.189171,2020-01-09 16:17:33.413688,440.1870752833333,0,1,0,3,0,0,,winter,1,0,0,1
414985027,1.45,-3.008888,none,0.0,8.0,16.215992,25.919998,91.38974,995.96295,,2020-01-09 08:55:11.591026,2020-01-09 16:17:03.386685,441.8632609833333,0,1,0,3,0,0,,winter,1,0,1,1
414986227,0.85,-3.6852543,none,0.0,6.0,16.263872,29.16,92.35091,989.315,,2020-01-09 08:55:07.017861,2020-01-09 16:18:07.113017,443.00158593333333,0,1,0,3,0,0,,winter,1,0,1,1
414992827,1.15,-3.068266,none,0.0,8.0,14.512064,24.48,93.04072,991.6264,,2020-01-09 08:56:44.501371,2020-01-09 16:17:03.529943,440.31714286666664,0,1,0,3,0,0,,winter,1,0,0,1
414993427,0.8,-3.5412858,none,0.0,8.0,14.830076,24.119999,92.01276,991.3539,,2020-01-09 08:56:20.595504,2020-01-09 16:17:10.122708,440.8254534,0,1,0,3,0,0,,winter,1,0,0,1
414993827,0.7,-4.0854883,none,0.0,7.0,17.518356,30.239998,90.34565,992.74274,,2020-01-09 08:56:22.504195,2020-01-09 16:18:00.197701,441.6282251,0,1,0,3,0,0,,winter,1,0,1,1
415175427,-1.0,-7.2751455,snow,0.8,6.0,25.7041,47.88,87.256966,986.7326,,2020-01-09 08:55:53.150996,2020-01-09 16:18:39.153426,442.76670716666666,0,1,0,3,0,0,,winter,1,0,1,1
415190227,0.65,-4.187381,snow,0.1,8.0,17.377226,32.399998,87.41825,991.5522,,2020-01-09 08:55:46.658547,2020-01-09 16:16:34.501894,440.7973891166667,0,0,1,3,0,0,,winter,1,0,1,0
415658427,-0.6,-6.716658,snow,0.4,7.0,24.66197,42.48,85.06108,993.37524,,2020-01-09 08:55:41.766054,2020-01-09 16:17:22.792352,441.6837716333333,0,1,0,3,0,0,,winter,1,0,1,1
415791427,0.7,-4.4172096,snow,0.1,8.0,19.296133,31.319998,87.1036,994.5924,,2020-01-09 08:54:54.116226,2020-01-09 16:17:24.414865,442.50497731666667,0,0,1,3,0,0,,winter,1,0,1,0
419491027,0.95,-3.453547,none,0.0,8.0,15.517629,27.72,92.69278,994.94196,,2020-01-09 08:55:46.403508,2020-01-09 16:16:43.352140,440.94914386666665,0,1,0,3,0,0,,winter,1,0,1,1
414993027,1.05,-3.0734797,none,0.0,8.0,13.75558,24.48,93.03522,990.635,,2020-01-09 08:56:44.402557,2020-01-09 16:17:12.079827,440.46128783333336,0,1,0,3,0,0,,winter,1,0,0,1
414948827,0.0,-4.8989697,snow,0.3,8.0,17.31746,32.760002,88.324684,989.80597,,2020-01-09 08:56:44.477573,2020-01-09 16:16:37.050990,439.87622361666666,0,0,1,3,0,0,,winter,1,0,1,0
414988427,1.5,-2.804661,none,0.0,7.0,15.158522,24.84,91.062935,995.2501,,2020-01-09 08:55:50.183003,2020-01-09 16:17:18.115476,441.4655412166667,1,0,0,3,0,0,,winter,1,0,1,0
414944027,-0.65,-6.668671,snow,0.8,6.0,24.122686,43.92,86.32681,990.88336,,2020-01-09 08:54:41.641767,2020-01-09 16:17:32.982745,442.8556829666667,0,1,0,3,0,0,,winter,1,0,1,1
415544827,-1.4,-5.580616,none,0.0,9.0,11.923557,23.4,94.28158,993.6271,,2020-01-14 08:53:03.873630,2020-01-14 16:26:46.922947,453.7174886166667,0,1,0,1,0,0,,winter,1,0,0,1
415614427,-0.75,-4.858448,none,0.0,10.0,11.384198,19.08,89.57135,1005.0602,,2020-01-14 08:50:42.581685,2020-01-14 16:25:26.692249,454.73517606666667,0,1,0,1,0,0,,winter,1,0,0,1
415590427,0.45,-3.621891,none,0.0,9.0,12.57426,26.64,91.65572,1002.338,,2020-01-14 08:51:14.556103,2020-01-14 16:25:00.680229,453.7687354333333,0,1,0,1,0,0,,winter,1,0,0,1
415495227,-1.65,-6.6660614,none,0.0,9.0,16.808569,29.519999,89.497444,1001.65515,,2020-01-14 08:50:23.492506,2020-01-14 16:25:38.777409,455.2547483833333,0,1,0,1,0,0,,winter,1,0,1,1
415499827,-1.7,-6.545989,none,0.0,9.0,15.815435,28.8,91.173225,997.0585,,2020-01-14 08:50:50.190783,2020-01-14 16:25:02.526559,454.20559626666665,0,0,1,1,0,0,,winter,1,0,1,0
415581627,0.25,-3.8686006,none,0.0,9.0,12.496719,26.28,90.31159,1001.9026,,2020-01-14 08:49:50.628142,2020-01-14 16:24:48.901786,454.97122740000003,0,0,1,1,0,0,,winter,1,0,0,0
415593227,0.1,-3.6461234,none,0.0,9.0,10.239453,23.039999,93.32274,998.45197,,2020-01-14 08:52:49.182857,2020-01-14 16:25:46.142608,452.9493291833333,0,1,0,1,0,0,,winter,1,0,0,1
415599827,0.15,-3.8702579,none,0.0,10.0,12.0694,19.44,92.64634,1004.5233,,2020-01-14 08:50:59.334016,2020-01-14 16:25:46.165288,454.7805212,0,1,0,1,0,0,,winter,1,0,0,1
415612627,-0.6,-4.7250376,none,0.0,9.0,11.681987,20.16,89.91464,1001.6167,,2020-01-14 08:52:46.555479,2020-01-14 16:25:47.879350,453.02206451666666,0,1,0,1,0,0,,winter,1,0,0,1
415614627,-1.65,-5.6158323,none,0.0,9.0,9.693296,16.56,90.16584,995.2675,,2020-01-14 08:50:06.832793,2020-01-14 16:25:58.940581,455.86846313333336,0,0,1,1,0,0,,winter,1,0,0,0
415780627,0.15,-4.051024,none,0.0,9.0,13.358861,23.4,92.98532,995.49725,,2020-01-14 08:51:17.348375,2020-01-14 16:26:23.643945,455.10492616666664,0,1,0,1,0,0,,winter,1,0,0,1
419898227,-1.2,-5.679826,none,0.0,10.0,14.021525,22.68,93.25311,998.1298,,2020-01-14 08:51:05.448885,2020-01-14 16:25:24.822854,454.32289948333334,0,1,0,1,0,0,,winter,1,0,0,1
415481027,-1.7,-6.4968805,none,0.0,9.0,15.876775,29.16,94.26775,991.506,,2020-01-14 08:52:24.424260,2020-01-14 16:26:42.342290,454.2986338333333,0,1,0,1,0,0,,winter,1,0,1,1
415025027,0.05,-4.104668,none,0.0,7.0,12.261158,27.0,88.32921,1000.1214,,2020-01-10 08:54:03.746882,2020-01-10 16:18:50.092649,444.77242945,0,0,1,4,0,0,,winter,1,0,0,0
415056027,-0.6,-4.9079876,none,0.0,9.0,13.358861,26.28,92.94333,988.37823,,2020-01-10 08:58:14.606364,2020-01-10 16:18:57.698127,440.71819605,0,1,0,4,0,0,,winter,1,0,0,1
415062827,0.15,-4.7186794,none,0.0,8.0,15.84409,25.919998,78.77422,993.9951,,2020-01-10 08:55:38.012199,2020-01-10 16:18:37.971294,442.99931825,0,0,1,4,0,0,,winter,1,0,1,0
415088227,0.55,-3.6495295,none,0.0,7.0,12.287555,26.28,83.33088,995.21564,,2020-01-10 08:54:40.590493,2020-01-10 16:19:13.927998,444.5556250833333,0,0,1,4,0,0,,winter,1,0,0,0
415105027,0.25,-4.206665,none,0.0,7.0,14.33234,23.039999,87.05891,997.2773,,2020-01-10 08:55:15.334729,2020-01-10 16:18:59.605446,443.73784528333334,0,1,0,4,0,0,,winter,1,0,0,1
415109827,0.75,-3.2790284,none,0.0,8.0,11.212135,26.28,82.744644,996.36957,,2020-01-10 08:55:11.313118,2020-01-10 16:18:47.150323,443.59728675,0,0,1,4,0,0,,winter,1,0,0,0
415119227,-0.3,-3.4816923,none,0.0,7.0,5.5887027,16.56,90.60221,999.1825,,2020-01-10 08:55:51.484976,2020-01-10 16:19:31.888991,443.67340025,0,1,0,4,0,0,,winter,1,0,0,1
415119827,-0.3,-3.4816923,none,0.0,7.0,5.5887027,16.56,90.60221,995.3248,,2020-01-10 08:56:23.179134,2020-01-10 16:19:20.369288,442.9531692333333,0,1,0,4,0,0,,winter,1,0,0,1
415121227,0.25,-4.206665,none,0.0,8.0,14.33234,23.039999,87.05891,994.05426,,2020-01-10 08:55:33.947751,2020-01-10 16:18:40.566922,443.11031951666666,0,1,0,4,0,0,,winter,1,0,0,1
415139827,0.2,-4.0286303,none,0.0,7.0,12.768586,22.319998,87.37456,996.3531,,2020-01-10 08:54:59.581854,2020-01-10 16:19:12.772806,444.2198492,0,1,0,4,0,0,,winter,1,0,0,1
415143227,0.2,-3.8169665,none,0.0,6.0,11.269782,19.44,87.053925,991.82623,,2020-01-10 08:54:09.803185,2020-01-10 16:19:39.225894,445.4903784833333,0,1,0,4,0,0,,winter,1,0,0,1
415159227,-0.5,-3.9249492,none,0.0,7.0,7.208994,14.4,91.5929,991.4873,,2020-01-10 08:55:11.638915,2020-01-10 16:20:34.429461,445.37984243333335,0,1,0,4,0,0,,winter,1,0,0,1
415217427,0.3,-3.9881487,none,0.0,7.0,13.32,23.4,87.70574,996.6338,,2020-01-10 08:54:06.522939,2020-01-10 16:18:15.792070,444.1544855166667,0,1,0,4,0,0,,winter,1,0,0,1
415345027,0.05,-3.846899,none,0.0,6.0,10.446206,21.24,88.005066,983.4801,,2020-01-10 08:54:46.091356,2020-01-10 16:20:03.491961,445.2900100833333,0,1,0,4,0,0,,winter,1,0,0,1
415522227,0.7,-3.2593012,none,0.0,8.0,10.594036,25.919998,82.13066,991.35394,,2020-01-10 08:56:24.538055,2020-01-10 16:18:11.722947,441.7864148666667,0,0,1,4,0,0,,winter,1,0,0,0
416478627,0.05,-4.6774616,none,0.0,6.0,15.137133,28.44,81.13589,991.71576,,2020-01-10 08:54:12.924276,2020-01-10 16:19:55.611709,445.71145721666664,0,0,1,4,0,0,,winter,1,0,1,0
418004627,0.35,-3.7635198,none,0.0,7.0,12.074766,18.359999,87.068855,996.93713,,2020-01-10 08:55:10.716582,2020-01-10 16:18:57.720109,443.7833921166667,0,1,0,4,0,0,,winter,1,0,0,1
420598427,0.1,-4.555938,none,0.0,8.0,14.471821,27.359999,79.65027,994.7137,,2020-01-10 08:56:01.222795,2020-01-10 16:18:23.494291,442.37119160000003,0,0,1,4,0,0,,winter,1,0,0,0
415019827,-0.05,-3.862411,none,0.0,7.0,10.594036,20.880001,93.65648,994.4233,,2020-01-10 08:54:47.209310,2020-01-10 16:21:27.879446,446.67783560000004,0,1,0,4,0,0,,winter,1,0,0,1
415247227,-4.0,-7.8058453,none,0.0,10.0,7.2,19.44,94.51594,998.7625,,2020-01-12 08:53:45.091766,2020-01-12 16:23:13.985062,449.4815549333333,0,1,0,6,1,0,,winter,0,0,0,1
415431227,0.05,-6.6848726,none,0.0,10.0,28.174458,51.839996,76.15837,992.2538,,2020-01-12 08:53:13.257899,2020-01-12 16:21:34.420254,448.35270591666665,0,1,0,6,1,0,,winter,1,0,1,1
415035827,0.15,-4.0356565,none,0.0,8.0,13.1041975,21.96,91.971664,995.26483,,2020-01-10 08:55:20.598999,2020-01-10 16:18:31.864090,443.1877515166667,0,1,0,4,0,0,,winter,1,0,0,1
415082227,0.4,-3.2996082,none,0.0,6.0,8.905908,20.880001,84.54963,991.81726,,2020-01-10 08:54:15.527221,2020-01-10 16:20:23.162982,446.12726268333336,1,0,0,4,0,0,,winter,1,0,0,0
415166427,-0.55,-4.355434,snow,0.7,8.0,10.446206,17.28,96.41586,996.9504,,2020-01-11 08:53:10.429342,2020-01-11 16:20:18.288863,447.13099201666665,1,0,1,5,1,0,,winter,1,0,0,0
415307827,0.05,-6.9716573,none,0.0,10.0,29.651413,49.68,72.81005,990.4705,,2020-01-12 08:53:34.279587,2020-01-12 16:22:08.761530,448.57469905,0,0,1,6,1,0,,winter,1,0,1,0
415310027,-0.5,-7.0852575,none,0.0,10.0,27.06472,54.0,78.67274,988.7735,,2020-01-12 08:52:33.942088,2020-01-12 16:23:48.327206,451.23975196666663,1,0,0,6,1,0,,winter,1,0,1,0
415321227,-0.55,-6.8612537,none,0.0,10.0,25.952478,43.199997,84.43776,988.4629,,2020-01-12 08:53:57.979964,2020-01-12 16:21:57.366061,447.9897682833333,0,1,0,6,1,0,,winter,1,0,1,1
415335827,0.5,-5.1958933,snow,0.1,10.0,23.263912,41.039997,88.36983,985.28436,,2020-01-12 08:54:23.492672,2020-01-12 16:21:27.668145,447.06959121666665,0,1,0,6,1,0,,winter,1,0,1,1
415347227,-0.5,-7.727978,none,0.0,10.0,30.827856,48.96,74.08759,992.2558,,2020-01-12 08:53:50.673556,2020-01-12 16:22:17.693293,448.45032894999997,0,0,1,6,1,0,,winter,1,0,1,0
415399027,-1.85,-8.786119,none,0.0,10.0,28.515089,52.92,79.354675,991.0037,,2020-01-12 08:52:30.950853,2020-01-12 16:23:16.617084,450.76110385,0,0,1,6,1,0,,winter,1,0,1,0
415404627,-3.9,-7.262682,none,0.0,10.0,3.8939953,15.4800005,91.36227,1001.6187,,2020-01-12 08:53:48.956638,2020-01-12 16:21:21.625564,447.5444821,0,1,0,6,1,0,,winter,0,0,0,1
415177227,-0.75,-4.827904,snow,0.8,7.0,12.0694,20.519999,96.05743,987.5392,,2020-01-11 08:54:09.881932,2020-01-11 16:21:24.444158,447.24270376666664,0,0,1,5,1,0,,winter,1,0,0,0
415192027,-0.7,-4.8120103,snow,1.0,9.0,12.303366,23.039999,95.70768,989.81647,,2020-01-11 08:54:32.816885,2020-01-11 16:21:40.794333,447.1329574666667,0,0,1,5,1,0,,winter,1,0,0,0
415216227,-2.05,-6.095591,none,0.0,10.0,10.239453,16.919998,92.86111,995.95465,,2020-01-11 08:54:29.535927,2020-01-11 16:20:10.665193,445.68548776666665,0,1,0,5,1,0,,winter,0,0,0,1
415236627,-0.65,-5.064825,snow,0.5,9.0,14.186923,25.199999,93.97041,992.9606,,2020-01-11 08:52:56.188079,2020-01-11 16:20:58.807116,448.0436506166667,0,0,1,5,1,0,,winter,1,0,0,0
415259427,-3.45,-8.027227,none,0.0,10.0,12.6462,23.4,92.08452,999.5194,,2020-01-11 08:54:02.091272,2020-01-11 16:20:06.206920,446.0685941333333,0,1,0,5,1,0,,winter,0,0,0,1
415270827,-0.45,-4.1666903,snow,0.3,10.0,9.021574,20.519999,89.92649,995.0786,,2020-01-11 08:54:40.987915,2020-01-11 16:19:37.711759,444.9453974,0,0,1,5,1,0,,winter,1,0,0,0
415305027,-2.95,-7.7247353,none,0.0,10.0,14.440443,23.759998,92.4622,998.1272,,2020-01-11 08:54:51.370664,2020-01-11 16:20:34.777835,445.72345285,0,1,0,5,1,0,,winter,0,0,0,1
415305827,-2.2,-6.4512253,none,0.0,10.0,11.5199995,19.44,92.85252,995.6452,,2020-01-11 08:54:49.816057,2020-01-11 16:20:19.624362,445.4968050833333,0,1,0,5,1,0,,winter,0,0,0,1
415315827,-0.65,-4.8408656,snow,0.4,10.0,12.413477,20.16,92.2595,997.98114,,2020-01-11 08:53:29.969597,2020-01-11 16:20:26.642966,446.94455615,0,0,1,5,1,0,,winter,1,0,0,0
415659427,-0.9,-4.318148,none,0.0,8.0,7.208994,12.24,94.65188,995.801,,2020-01-11 08:54:39.170667,2020-01-11 16:19:54.085190,445.24857538333333,0,1,0,5,1,0,,winter,1,0,0,1
416242827,-0.75,-4.827904,snow,0.8,7.0,12.0694,20.519999,96.05743,996.08594,,2020-01-11 08:54:42.690058,2020-01-11 16:20:55.258940,446.20948136666664,0,0,1,5,1,0,,winter,1,0,0,0
418078027,-2.4,-6.7934303,none,0.0,10.0,12.324414,24.48,92.84105,998.6375,,2020-01-11 08:55:02.043588,2020-01-11 16:19:50.739278,444.81159483333334,0,1,0,5,1,0,,winter,0,0,0,1
415864427,0.45,-5.8528996,none,0.0,9.0,27.722336,48.6,90.65738,1006.7238,,2020-01-15 08:49:21.876915,2020-01-15 16:27:30.723460,458.14744241666665,0,0,1,2,0,0,,winter,1,0,1,0
415685827,0.8,-5.9744034,snow,0.1,9.0,31.056128,51.48,89.044716,1003.8652,,2020-01-15 08:50:36.331133,2020-01-15 16:27:39.454624,457.0520581833333,0,0,1,2,0,0,,winter,1,0,1,0
415318627,-1.5,-8.190932,none,0.0,10.0,26.987997,47.519997,78.515236,995.0927,,2020-01-12 08:52:07.775293,2020-01-12 16:21:12.571602,449.07993848333336,0,0,1,6,1,0,,winter,1,0,1,0
415453427,1.6,-3.3567047,none,0.0,10.0,19.523155,32.039997,89.76074,986.613,,2020-01-13 08:52:39.945328,2020-01-13 16:23:47.674263,451.12881558333333,0,0,1,0,0,0,,winter,1,0,1,0
415452227,1.3,-3.354448,none,0.0,9.0,17.238699,32.399998,90.39078,990.1445,,2020-01-13 08:53:16.467230,2020-01-13 16:24:04.596345,450.8021519166667,0,1,0,0,0,0,,winter,1,0,1,1
415341827,1.1,-4.428483,none,0.0,10.0,23.023119,39.96,90.37578,989.299,,2020-01-13 08:51:24.763440,2020-01-13 16:23:43.252509,452.30815115,0,1,0,0,0,0,,winter,1,0,1,1
415358027,1.3,-3.6155248,none,0.0,10.0,19.134262,37.44,91.048935,984.09766,,2020-01-13 08:51:34.157235,2020-01-13 16:25:25.300714,453.8523913166666,1,0,1,0,0,0,,winter,1,0,1,0
415363827,1.4,-3.7631104,none,0.0,10.0,20.991426,33.839996,91.38636,988.9738,,2020-01-13 08:52:19.300859,2020-01-13 16:24:03.979100,451.74463735,0,0,1,0,0,0,,winter,1,0,1,0
415372827,1.25,-4.0814943,none,0.0,10.0,21.986542,35.28,91.37623,987.29565,,2020-01-13 08:52:13.749770,2020-01-13 16:23:34.393049,451.34405465,0,1,0,0,0,0,,winter,1,0,1,1
415373227,1.35,-3.7617233,none,0.0,10.0,20.532627,36.0,91.052444,988.08685,,2020-01-13 08:51:14.016912,2020-01-13 16:23:42.068838,452.4675321,0,0,1,0,0,0,,winter,1,0,1,0
415374827,1.3,-3.6155248,none,0.0,10.0,19.134262,37.44,91.048935,982.5134,,2020-01-13 08:51:28.391079,2020-01-13 16:25:15.818032,453.7904492166666,0,0,1,0,0,0,,winter,1,0,1,0
415390427,1.6,-3.3567047,none,0.0,10.0,19.523155,32.039997,89.76074,988.9383,,2020-01-13 08:52:30.240843,2020-01-13 16:24:09.739596,451.65831255,0,0,1,0,0,0,,winter,1,0,1,0
415416827,1.85,-3.0000846,none,0.0,9.0,18.899143,36.0,88.81144,987.29425,,2020-01-13 08:54:00.326867,2020-01-13 16:24:18.518375,450.3031918,0,0,1,0,0,0,,winter,1,0,1,0
415449227,1.45,-3.4159713,none,0.0,9.0,18.847641,32.399998,90.402016,993.96826,,2020-01-13 08:52:17.330190,2020-01-13 16:24:01.278394,451.7324700666667,0,1,0,0,0,0,,winter,1,0,1,1
415455027,1.35,-3.3893514,none,0.0,9.0,17.873556,33.839996,90.39452,986.64435,,2020-01-13 08:52:35.389524,2020-01-13 16:25:26.775663,452.85643565,0,1,0,0,0,0,,winter,1,0,1,1
415459827,1.3,-3.5251634,none,0.0,8.0,18.514643,33.48,91.048935,983.6138,,2020-01-13 08:52:22.194223,2020-01-13 16:24:44.872625,452.3779733666667,0,1,0,0,0,0,,winter,1,0,1,1
415462027,1.3,-3.8140357,none,0.0,10.0,20.5484,36.36,91.37961,987.9359,,2020-01-13 08:51:21.853336,2020-01-13 16:23:18.204345,451.93918348333335,0,1,0,0,0,0,,winter,1,0,1,1
415465227,0.45,-4.3356266,none,0.0,10.0,17.418196,28.8,91.32186,995.87195,,2020-01-13 08:51:51.087611,2020-01-13 16:24:01.757094,452.1778247166667,0,1,0,0,0,0,,winter,1,0,1,1
415467027,0.95,-3.813853,none,0.0,9.0,17.727943,28.8,91.02437,993.2917,,2020-01-13 08:53:04.157290,2020-01-13 16:24:08.976807,451.0803252833333,0,1,0,0,0,0,,winter,1,0,1,1
415467427,0.6,-3.900934,none,0.0,9.0,15.617529,30.239998,91.3321,990.281,,2020-01-13 08:53:29.935719,2020-01-13 16:23:28.091961,449.96927070000004,0,1,0,0,0,0,,winter,1,0,1,1
415467827,0.6,-3.900934,none,0.0,9.0,15.617529,30.239998,91.3321,991.0199,,2020-01-13 08:53:27.169753,2020-01-13 16:23:31.609030,450.07398795,0,1,0,0,0,0,,winter,1,0,1,1
415468027,0.4,-4.261505,none,0.0,9.0,16.516901,27.0,91.31845,993.2697,,2020-01-13 08:53:09.831463,2020-01-13 16:24:06.365870,450.94224011666665,0,1,0,0,0,0,,winter,1,0,1,1
415468427,0.4,-4.261505,none,0.0,9.0,16.516901,27.0,91.31845,992.158,,2020-01-13 08:53:04.793385,2020-01-13 16:23:56.583464,450.8631679833333,0,1,0,0,0,0,,winter,1,0,1,1
415488827,1.6,-3.3567047,none,0.0,10.0,19.523155,32.039997,89.76074,988.6935,,2020-01-13 08:52:35.091801,2020-01-13 16:24:04.378859,451.4881176333334,0,0,1,0,0,0,,winter,1,0,1,0
415533427,1.1,-3.6699362,none,0.0,9.0,17.873556,33.839996,90.70481,982.47174,,2020-01-13 08:52:08.960013,2020-01-13 16:25:12.142680,453.05304445,0,1,0,0,0,0,,winter,1,0,1,1
415534227,0.45,-4.3356266,none,0.0,10.0,17.418196,28.8,91.32186,995.0049,,2020-01-13 08:51:43.701159,2020-01-13 16:23:42.879541,451.9863063666666,0,1,0,0,0,0,,winter,1,0,1,1
415703827,0.0,-4.6844616,none,0.0,9.0,16.327497,30.239998,91.62605,994.5004,,2020-01-13 08:51:39.757514,2020-01-13 16:23:27.754549,451.7999505833333,0,1,0,0,0,0,,winter,1,0,1,1
415820227,1.65,-3.0650287,none,0.0,9.0,17.654686,33.12,88.15229,978.49774,,2020-01-13 08:52:16.275359,2020-01-13 16:25:07.332900,452.85095901666665,0,0,1,0,0,0,,winter,1,0,1,0
417314627,0.7,-3.863824,none,0.0,10.0,16.09969,32.399998,91.00675,990.13776,,2020-01-13 08:52:48.782732,2020-01-13 16:25:56.758644,453.1329318666667,0,1,0,0,0,0,,winter,1,0,1,1
415474627,-0.5,-5.0180473,none,0.0,8.0,14.799459,27.359999,92.268715,994.6567,,2020-01-13 08:52:47.000511,2020-01-13 16:24:18.949862,451.5324891833333,0,1,0,0,0,0,,winter,1,0,0,1
415599227,-0.25,-3.9725182,none,0.0,9.0,9.779817,19.8,93.64633,1005.03296,,2020-01-14 08:50:40.521183,2020-01-14 16:25:23.993968,454.72454641666667,0,1,0,1,0,0,,winter,1,0,0,1
415567427,0.5,-3.5437906,none,0.0,9.0,12.181625,25.199999,90.00109,1002.0356,,2020-01-14 08:51:21.568192,2020-01-14 16:25:05.265857,453.72829441666664,0,0,1,1,0,0,,winter,1,0,0,0
415594827,0.25,-3.9216387,none,0.0,9.0,13.207634,22.68,92.65217,1002.619,,2020-01-14 08:50:37.314474,2020-01-14 16:25:18.096144,454.6796945,0,1,0,1,0,0,,winter,1,0,0,1
415629427,-0.25,-4.1700153,none,0.0,9.0,11.183201,20.16,93.989685,998.1031,,2020-01-14 08:53:23.297742,2020-01-14 16:25:33.215052,452.16528850000003,0,1,0,1,0,0,,winter,1,0,0,1
415667827,0.7,-5.5263853,none,0.0,9.0,27.0,45.719997,87.74362,1002.27545,,2020-01-15 08:50:24.310983,2020-01-15 16:27:23.544349,456.98722276666666,0,0,1,2,0,0,,winter,1,0,1,0
415733227,1.95,-4.3712335,none,0.0,8.0,28.460497,53.28,85.03827,996.9504,,2020-01-15 08:49:47.700245,2020-01-15 16:26:46.679385,456.98298566666665,0,1,0,2,0,0,,winter,1,0,1,1
417356627,0.8,-5.4044366,snow,0.2,9.0,27.248455,49.68,89.69684,1001.1433,,2020-01-15 08:49:29.624253,2020-01-15 16:26:36.924515,457.12167103333337,0,0,1,2,0,0,,winter,1,0,1,0
415716427,1.65,-4.677794,none,0.0,8.0,28.766228,53.28,88.4727,995.60956,,2020-01-15 08:50:22.182812,2020-01-15 16:28:33.666198,458.19138976666665,0,1,0,2,0,0,,winter,1,0,1,1
415756027,2.2,-4.082092,none,0.0,8.0,28.348713,51.12,84.45132,998.6991,,2020-01-15 08:51:15.366170,2020-01-15 16:27:05.280021,455.8318975166667,0,1,0,2,0,0,,winter,0,0,1,1
415863427,3.85,-1.6880193,none,0.0,6.0,24.95452,50.399998,84.03817,995.6206,,2020-01-16 08:50:44.049156,2020-01-16 16:30:50.786537,460.1122896833333,0,0,1,3,0,0,,winter,0,0,1,0
415939027,2.05,-3.714445,none,0.0,6.0,25.603062,45.36,90.12107,995.99756,,2020-01-16 08:49:18.189067,2020-01-16 16:28:24.225532,459.10060775,1,0,1,3,0,0,,winter,0,0,1,0
415868227,3.2,-1.9803803,none,0.0,4.0,22.101183,40.32,85.79345,999.0861,,2020-01-16 08:49:14.739796,2020-01-16 16:28:45.333732,459.5098989333334,0,1,0,3,0,0,,winter,0,0,1,1
415769427,1.65,-4.3019795,none,0.0,7.0,26.562046,47.519997,90.74467,992.8134,,2020-01-16 08:49:08.328217,2020-01-16 16:29:59.012879,460.84474436666665,0,1,0,3,0,0,,winter,1,0,1,1
415772427,1.8,-3.821704,none,0.0,7.0,24.514387,40.32,91.08388,996.3986,,2020-01-16 08:49:49.572573,2020-01-16 16:29:03.876014,459.2383906833333,0,1,0,3,0,0,,winter,1,0,1,1
415802827,2.15,-3.4660907,none,0.0,7.0,24.696104,42.839996,90.12874,996.918,,2020-01-16 08:50:13.670489,2020-01-16 16:29:19.652534,459.09970075,0,0,1,3,0,0,,winter,0,0,1,0
415798027,1.85,-3.7023175,none,0.0,6.0,24.20314,44.639996,91.74703,998.6755,,2020-01-16 08:49:16.150435,2020-01-16 16:28:48.531003,459.53967613333333,0,1,0,3,0,0,,winter,1,0,1,1
415818027,3.0,-3.4110107,none,0.0,5.0,30.652895,55.079998,87.64285,993.45245,,2020-01-16 08:48:39.783619,2020-01-16 16:30:02.875006,461.38485645000003,0,0,1,3,0,0,,winter,0,0,1,0
415824427,1.9,-3.7336998,none,0.0,6.0,24.651457,44.639996,90.762695,998.6279,,2020-01-16 08:48:52.521963,2020-01-16 16:28:45.739401,459.8869573,0,1,0,3,0,0,,winter,1,0,1,1
415833027,1.8,-4.6632338,rain,0.1,7.0,29.853966,54.36,88.48603,992.5093,,2020-01-16 08:49:07.299319,2020-01-16 16:30:06.557958,460.9876439833333,0,1,0,3,0,0,,winter,1,0,1,1
415833827,2.15,-3.841158,rain,0.5,6.0,27.103003,49.68,89.158615,994.7782,,2020-01-16 08:48:28.036245,2020-01-16 16:30:21.631461,461.89325360000004,0,0,1,3,0,0,,winter,0,0,1,0
415843827,2.5,-2.7187152,none,0.0,5.0,21.9718,41.399998,87.911995,992.5267,,2020-01-16 08:49:07.061698,2020-01-16 16:30:42.566331,461.5917438833333,1,0,0,3,0,0,,winter,0,0,1,0
415849427,2.65,-2.4963102,none,0.0,5.0,21.53089,39.96,87.29469,998.6581,,2020-01-16 08:48:19.710181,2020-01-16 16:28:39.797587,460.33479009999996,0,1,0,3,0,0,,winter,0,0,1,1
415849627,2.55,-3.6860442,rain,0.1,8.0,28.673721,46.44,86.0338,999.8555,,2020-01-16 08:48:53.531338,2020-01-16 16:29:16.769409,460.3873011833333,0,1,0,3,0,0,,winter,0,0,1,1
415852427,2.7,-2.6933398,none,0.0,6.0,23.224882,39.239998,86.985565,1000.5121,,2020-01-16 08:48:57.917463,2020-01-16 16:29:23.805409,460.43146576666663,0,1,0,3,0,0,,winter,0,0,1,1
415858627,3.8,-2.2790942,none,0.0,6.0,28.66468,47.88,84.33404,995.0056,,2020-01-16 08:49:28.988198,2020-01-16 16:29:14.094806,459.75177679999996,0,0,1,3,0,0,,winter,0,0,1,0
415862827,2.6,-2.8108025,none,0.0,4.0,23.400002,40.32,87.92124,989.43164,,2020-01-16 08:49:10.378244,2020-01-16 16:30:06.331645,460.9325566833333,0,1,0,3,0,0,,winter,0,0,1,1
415864827,2.75,-2.5936348,none,0.0,4.0,23.051247,41.399998,87.61924,992.20483,,2020-01-16 08:49:07.367876,2020-01-16 16:30:06.582119,460.98690404999996,0,1,0,3,0,0,,winter,0,0,1,1
415867627,2.9,-2.3370576,none,0.0,5.0,22.26477,39.239998,86.38131,994.81464,,2020-01-16 08:50:36.279714,2020-01-16 16:29:04.702967,458.4737208833333,0,1,0,3,0,0,,winter,0,0,1,1
415870827,3.0,-2.2942853,none,0.0,5.0,22.881956,40.32,87.01525,992.4469,,2020-01-16 08:49:07.876824,2020-01-16 16:30:00.883527,460.88344505,0,1,0,3,0,0,,winter,0,0,1,1
415876627,2.95,-2.3607273,none,0.0,4.0,22.881956,40.32,86.69789,991.90576,,2020-01-16 08:49:16.849993,2020-01-16 16:30:07.592856,460.8457143833333,0,1,0,3,0,0,,winter,0,0,1,1
415890827,3.05,-2.8786244,none,0.0,6.0,27.459293,47.519997,87.96277,993.7259,,2020-01-16 08:50:41.109178,2020-01-16 16:29:32.359227,458.8541674833333,0,0,1,3,0,0,,winter,0,0,1,0
415903427,3.0,-2.0154297,none,0.0,5.0,20.969805,38.519997,87.01525,994.84515,,2020-01-16 08:49:37.503769,2020-01-16 16:30:34.970032,460.95777104999996,0,1,0,3,0,0,,winter,0,0,1,1
415911627,3.25,-1.6369812,none,0.0,5.0,20.316889,39.6,86.72816,995.2327,,2020-01-16 08:50:09.218432,2020-01-16 16:30:22.554222,460.22226316666666,0,1,0,3,0,0,,winter,0,0,1,1
415937827,2.35,-3.1535246,none,0.0,6.0,23.979893,45.719997,89.17535,997.1565,,2020-01-16 08:48:27.972285,2020-01-16 16:28:42.982467,460.2501697,0,0,1,3,0,0,,winter,0,0,1,0
415943027,2.3,-2.0582376,none,0.0,5.0,16.575644,32.760002,92.10639,997.6337,,2020-01-16 08:49:48.757621,2020-01-16 16:30:26.563466,460.6300974166667,0,1,0,3,0,0,,winter,0,0,1,1
415946227,2.05,-3.714445,none,0.0,6.0,25.603062,45.36,90.12107,998.7109,,2020-01-16 08:48:56.678361,2020-01-16 16:28:27.692074,459.5168952166667,0,0,1,3,0,0,,winter,0,0,1,0
415982827,3.35,-1.7519579,none,0.0,4.0,21.791153,38.88,86.1181,997.9885,,2020-01-16 08:48:19.088882,2020-01-16 16:28:20.887556,460.0299779,0,1,0,3,0,0,,winter,0,0,1,1
416474627,1.8,-3.9890592,none,0.0,7.0,25.49908,42.12,90.101875,997.0626,,2020-01-16 08:48:41.869202,2020-01-16 16:29:34.407082,460.87563133333333,0,1,0,3,0,0,,winter,1,0,1,1
425800627,2.95,-2.9223537,rain,0.1,6.0,26.959166,48.239998,87.95355,996.5875,,2020-01-16 08:48:45.561779,2020-01-16 16:28:35.015673,459.82423156666664,0,0,1,3,0,0,,winter,0,0,1,0
415886627,3.0,-1.9612472,none,0.0,4.0,20.883104,39.239998,88.59179,996.8792,,2020-01-16 08:48:25.873680,2020-01-16 16:30:19.528579,461.8942483166667,0,1,0,3,0,0,,winter,0,0,1,1
415645427,0.5,-5.3069506,none,0.0,9.0,24.522314,43.199997,91.659004,1001.0361,,2020-01-15 08:49:40.410040,2020-01-15 16:28:17.993497,458.62639095000003,0,1,0,2,0,0,,winter,1,0,1,1
415669627,0.65,-5.3567266,none,0.0,9.0,26.044699,45.36,91.66886,1006.14526,,2020-01-15 08:49:16.266121,2020-01-15 16:27:34.047070,458.29634915,0,0,1,2,0,0,,winter,1,0,1,0
415673427,0.35,-5.587557,none,0.0,8.0,25.41763,47.88,92.65798,999.80524,,2020-01-15 08:49:22.723845,2020-01-15 16:28:08.734486,458.76684401666665,0,0,1,2,0,0,,winter,1,0,1,0
415678627,0.85,-5.220544,none,0.0,9.0,26.28,47.519997,89.04896,1002.7687,,2020-01-15 08:49:54.606972,2020-01-15 16:26:51.756720,456.9524958,0,0,1,2,0,0,,winter,1,0,1,0
415685627,0.85,-5.5688663,none,0.0,8.0,28.820242,52.199997,90.02837,997.11145,,2020-01-15 08:49:28.198016,2020-01-15 16:28:51.066110,459.3811349,0,0,1,2,0,0,,winter,1,0,1,0
415706027,1.4,-5.381887,none,0.0,9.0,31.361351,50.76,86.8558,1000.5569,,2020-01-15 08:49:55.980484,2020-01-15 16:27:45.037897,457.81762354999995,0,0,1,2,0,0,,winter,1,0,1,0
415722427,1.8,-4.9142876,none,0.0,8.0,31.311722,55.8,86.895935,997.4715,,2020-01-15 08:49:41.930356,2020-01-15 16:28:09.901472,458.4661852666667,0,1,0,2,0,0,,winter,1,0,1,1
415728227,2.25,-4.29337,none,0.0,8.0,30.192822,55.079998,84.45716,999.9094,,2020-01-15 08:50:19.054182,2020-01-15 16:26:51.800628,456.5457741,0,1,0,2,0,0,,winter,0,0,1,1
415732027,1.55,-5.016922,none,0.0,8.0,30.248568,57.239998,88.143166,990.4944,,2020-01-15 08:50:02.404950,2020-01-15 16:28:57.899949,458.92491665,0,1,0,2,0,0,,winter,1,0,1,1
415733027,1.75,-4.863791,rain,0.1,8.0,30.466295,54.0,86.26179,992.7501,,2020-01-15 08:50:30.246456,2020-01-15 16:28:06.712709,457.60777088333333,0,1,0,2,0,0,,winter,1,0,1,1
415733627,1.7,-5.0986443,none,0.0,8.0,31.682043,57.96,86.25656,998.9558,,2020-01-15 08:50:18.815729,2020-01-15 16:27:48.629916,457.49690311666666,0,1,0,2,0,0,,winter,1,0,1,1
415734627,1.65,-4.677794,none,0.0,8.0,28.766228,53.28,88.4727,997.21295,,2020-01-15 08:50:45.888949,2020-01-15 16:28:53.419591,458.1255107,0,1,0,2,0,0,,winter,1,0,1,1
415757227,2.0,-4.5759745,none,0.0,8.0,30.25928,50.399998,85.043915,996.3633,,2020-01-15 08:50:56.602680,2020-01-15 16:27:17.918119,456.3552573166667,0,1,0,2,0,0,,winter,1,0,1,1
415764627,1.8,-4.6632338,rain,0.1,8.0,29.853966,54.36,88.48603,1001.6409,,2020-01-15 08:50:09.209919,2020-01-15 16:27:43.014554,457.56341058333334,0,1,0,2,0,0,,winter,1,0,1,1
415774227,2.2,-4.2876287,none,0.0,8.0,29.810522,55.44,84.7584,999.4117,,2020-01-15 08:51:00.714731,2020-01-15 16:26:42.296180,455.69302415000004,0,1,0,2,0,0,,winter,0,0,1,1
415806227,2.1,-4.7277946,none,0.0,8.0,32.090523,55.079998,85.05521,1000.2925,,2020-01-15 08:51:07.178645,2020-01-15 16:27:55.427718,456.80415121666664,0,1,0,2,0,0,,winter,0,0,1,1
415835827,1.75,-5.2095265,none,0.0,8.0,32.83705,57.96,86.26179,998.83545,,2020-01-15 08:50:21.720446,2020-01-15 16:27:49.585735,457.46442148333335,0,1,0,2,0,0,,winter,1,0,1,1
415851227,2.15,-4.7519937,none,0.0,9.0,32.59939,52.56,84.752655,1001.16187,,2020-01-15 08:49:36.016619,2020-01-15 16:27:20.475785,457.7409861,0,1,0,2,0,0,,winter,0,0,1,1
415874627,0.8,-5.4044366,snow,0.2,9.0,27.248455,49.68,89.69684,1001.0187,,2020-01-15 08:49:32.202639,2020-01-15 16:26:57.773044,457.42617341666664,0,0,1,2,0,0,,winter,1,0,1,0
415939627,0.15,-5.2553205,snow,0.1,10.0,21.566973,43.92,92.64634,992.6241,,2020-01-15 08:53:30.300341,2020-01-15 16:27:53.790755,454.3915069,0,0,1,2,0,0,,winter,1,0,1,0
416961027,2.0,-4.9002867,none,0.0,8.0,32.587456,57.96,85.66391,994.29,,2020-01-15 08:49:35.659033,2020-01-15 16:28:29.026189,458.8894526,0,1,0,2,0,0,,winter,1,0,1,1
418408627,1.45,-5.2395697,none,0.0,8.0,31.037344,53.28,88.45491,997.7687,,2020-01-15 08:50:47.360852,2020-01-15 16:28:20.576236,457.5535897333333,1,0,0,2,0,0,,winter,1,0,1,0
421785827,1.75,-4.863791,rain,0.1,8.0,30.466295,54.0,86.26179,995.5791,,2020-01-15 08:50:29.838281,2020-01-15 16:28:27.556484,457.96197005,0,1,0,2,0,0,,winter,1,0,1,1
415915427,-0.2,-5.662428,none,0.0,9.0,21.710716,37.079998,93.30677,1003.1038,,2020-01-15 08:50:45.897200,2020-01-15 16:27:56.171723,457.17124205,0,1,0,2,0,0,,winter,1,0,1,1
416182827,-1.4,-6.4753,none,0.0,3.0,17.388409,32.760002,89.18612,1002.532,,2020-01-19 08:44:37.372522,2020-01-19 16:36:20.343879,471.71618928333334,0,1,0,6,1,0,,winter,1,0,1,1
416192427,-1.45,-5.946844,none,0.0,3.0,13.37825,28.08,89.18188,1002.179,,2020-01-19 08:44:26.703766,2020-01-19 16:36:20.771858,471.90113486666667,0,1,0,6,1,0,,winter,1,0,0,1
416209227,-1.35,-5.6594057,none,0.0,4.0,12.224107,29.519999,89.52216,1003.24884,,2020-01-19 08:45:46.056815,2020-01-19 16:37:41.030961,471.91623576666666,0,1,0,6,1,0,,winter,1,0,0,1
416221027,-0.1,-5.18057,none,0.0,4.0,17.339897,29.88,80.51402,1007.96277,,2020-01-19 08:44:52.894296,2020-01-19 16:34:42.696749,469.8300408833333,0,0,1,6,1,0,,winter,1,0,1,0
416223627,0.1,-4.5531015,none,0.0,3.0,14.408997,29.519999,79.35469,1002.6901,,2020-01-19 08:45:15.296111,2020-01-19 16:35:26.428943,470.1855472,0,0,1,6,1,0,,winter,1,0,0,0
416228027,0.55,-4.2556305,none,0.0,2.0,15.629971,29.519999,77.963715,1004.84937,,2020-01-19 08:47:09.062553,2020-01-19 16:35:37.427063,468.4727418333333,0,0,1,6,1,0,,winter,1,0,1,0
416228627,0.05,-4.370191,none,0.0,4.0,12.768586,26.64,79.347084,1006.5808,,2020-01-19 08:45:25.589313,2020-01-19 16:37:10.734080,471.75241278333334,0,0,1,6,1,0,,winter,1,0,0,0
416253627,0.75,-3.819845,none,0.0,3.0,14.145756,26.28,77.70718,1005.73895,,2020-01-19 08:44:44.004653,2020-01-19 16:34:05.875434,469.3645130166667,0,0,1,6,1,0,,winter,1,0,0,0
416260227,-0.4,-5.051481,none,0.0,3.0,14.182355,27.359999,80.77108,1006.38306,,2020-01-19 08:46:00.628901,2020-01-19 16:34:55.555788,468.9154481166667,0,0,1,6,1,0,,winter,1,0,0,0
416261027,-0.25,-5.2758403,none,0.0,3.0,16.62249,27.359999,79.00614,1004.5963,,2020-01-19 08:46:14.424801,2020-01-19 16:34:49.612298,468.58645828333334,0,0,1,6,1,0,,winter,1,0,1,0
416263427,-0.7,-5.395258,none,0.0,4.0,15.226764,29.16,87.935135,1000.3482,,2020-01-19 08:48:43.081951,2020-01-19 16:35:18.000563,466.5819768666667,0,1,0,6,1,0,,winter,1,0,1,1
416264227,-0.75,-5.22739,none,0.0,3.0,13.202726,25.56,84.41406,1005.4362,,2020-01-19 08:45:29.644733,2020-01-19 16:36:46.866799,471.2870344333333,0,1,0,6,1,0,,winter,1,0,0,1
416267627,-0.1,-4.7847366,none,0.0,4.0,14.241629,25.919998,77.859055,1008.80396,,2020-01-19 08:45:12.977277,2020-01-19 16:34:52.756229,469.6629825333333,0,0,1,6,1,0,,winter,1,0,0,0
416268027,-0.45,-4.960993,none,0.0,2.0,13.049689,23.759998,79.865135,1008.867,,2020-01-19 08:44:20.670464,2020-01-19 16:34:20.578687,469.9984703833333,0,1,0,6,1,0,,winter,1,0,0,1
416270027,-0.85,-5.5480866,none,0.0,2.0,15.111424,27.72,87.921074,1005.58167,,2020-01-19 08:44:29.436995,2020-01-19 16:35:15.227211,470.7631702666667,0,1,0,6,1,0,,winter,1,0,1,1
416278627,-0.35,-4.846203,none,0.0,2.0,12.864649,25.56,78.69622,1005.84174,,2020-01-19 08:44:31.516108,2020-01-19 16:35:42.935609,471.1903250166667,0,0,1,6,1,0,,winter,1,0,0,0
416282427,-0.8,-5.6656265,none,0.0,3.0,16.394829,29.16,88.57913,1008.634,,2020-01-19 08:45:18.272689,2020-01-19 16:35:18.975874,470.01171975,0,1,0,6,1,0,,winter,1,0,1,1
416286427,-0.45,-5.1653247,none,0.0,3.0,15.141414,27.72,84.76337,1006.5198,,2020-01-19 08:46:19.420660,2020-01-19 16:36:06.630759,469.78683498333334,0,1,0,6,1,0,,winter,1,0,1,1
416291627,-0.6,-5.322896,none,0.0,3.0,15.281989,26.64,86.33207,1005.08466,,2020-01-19 08:47:02.968565,2020-01-19 16:34:57.982313,467.9168958,0,1,0,6,1,0,,winter,1,0,1,1
416295227,-0.45,-4.960993,none,0.0,2.0,13.049689,23.759998,79.865135,1007.35675,,2020-01-19 08:44:54.728746,2020-01-19 16:34:01.554855,469.11376848333333,0,1,0,6,1,0,,winter,1,0,0,1
416345427,-0.2,-4.738257,none,0.0,3.0,13.237039,24.48,78.42644,1007.4849,,2020-01-19 08:44:45.030525,2020-01-19 16:34:27.870050,469.7139920833333,0,0,1,6,1,0,,winter,1,0,0,0
416353827,-0.05,-5.1398687,none,0.0,2.0,18.391735,29.519999,87.028984,1007.9859,,2020-01-19 08:45:17.306644,2020-01-19 16:34:34.700860,469.2899036,0,1,0,6,1,0,,winter,1,0,1,1
416435027,-0.25,-5.0332937,none,0.0,2.0,14.917212,27.359999,78.71185,1006.47675,,2020-01-19 08:45:03.243552,2020-01-19 16:34:14.631634,469.1898013666667,0,0,1,6,1,0,,winter,1,0,0,0
416479827,-0.35,-5.0515614,none,0.0,2.0,14.654254,26.64,81.382,1005.75934,,2020-01-19 08:44:54.344712,2020-01-19 16:34:07.868263,469.22539251666666,0,1,0,6,1,0,,winter,1,0,0,1
416637027,-0.4,-5.1791463,none,0.0,2.0,15.315873,28.08,82.59505,1006.913,,2020-01-19 08:46:28.094199,2020-01-19 16:34:19.799670,467.86175785,0,1,0,6,1,0,,winter,1,0,1,1
417596027,0.3,-4.490062,none,0.0,4.0,15.39184,28.8,78.50524,1009.1467,,2020-01-19 08:45:06.554885,2020-01-19 16:35:09.946816,470.05653218333333,0,0,1,6,1,0,,winter,1,0,1,0
415377827,1.4,-3.4794874,none,0.0,10.0,18.94024,37.8,90.726585,981.3514,,2020-01-13 08:54:24.120493,2020-01-13 16:23:46.329849,449.3701559333333,0,0,1,0,0,0,,winter,1,0,1,0
415431027,1.6,-3.4559138,none,0.0,10.0,20.150354,32.399998,89.436066,991.3704,,2020-01-13 08:51:51.787640,2020-01-13 16:24:03.590481,452.1967140166667,1,0,0,0,0,0,,winter,1,0,1,0
415673627,1.7,-3.206068,none,0.0,9.0,19.33639,35.64,90.09416,988.72845,,2020-01-13 08:53:17.156240,2020-01-13 16:22:58.916549,449.69600515,0,1,0,0,0,0,,winter,1,0,1,1
415927827,0.8,-3.4021833,none,0.0,3.0,13.979871,26.28,92.68411,1000.61566,,2020-01-17 08:49:24.290000,2020-01-17 16:31:20.519461,461.93715768333334,1,0,1,4,0,0,,winter,1,0,0,0
415990827,3.6,-0.46655607,none,0.0,4.0,15.03835,29.16,86.45333,1002.00476,,2020-01-17 08:47:20.995694,2020-01-17 16:32:34.916617,465.23201538333336,0,0,1,4,0,0,,winter,0,0,1,0
416006827,3.55,-0.42221355,none,0.0,3.0,14.044615,24.84,84.91231,1007.5575,,2020-01-17 08:47:17.872563,2020-01-17 16:30:53.492123,463.59365933333333,0,0,1,4,0,0,,winter,0,0,0,0
416045827,1.6,-2.2632523,none,0.0,2.0,12.620554,24.119999,93.40177,1011.12177,,2020-01-17 08:47:05.902259,2020-01-17 16:31:12.849722,464.11579105,0,1,0,4,0,0,,winter,1,0,0,1
416970227,2.9,-1.0889921,none,0.0,3.0,14.044615,26.28,88.26547,1005.72546,,2020-01-17 08:47:24.052068,2020-01-17 16:31:32.913130,464.1476843666667,0,1,0,4,0,0,,winter,0,0,0,1
416090627,-0.2,-4.462409,none,0.0,2.0,12.904882,27.359999,89.28713,1005.0969,,2020-01-18 08:46:34.296439,2020-01-18 16:32:30.706351,465.94016519999997,0,0,1,5,1,0,,winter,1,0,0,0
416034627,1.5,-2.6073637,none,0.0,2.0,13.698934,24.84,90.405754,1003.82043,,2020-01-18 08:47:03.477496,2020-01-18 16:33:59.238397,466.92934835,0,1,0,5,1,0,,winter,1,0,0,1
416038227,1.7,-2.3285112,none,0.0,3.0,13.698934,21.96,92.401985,1006.07605,,2020-01-18 08:47:04.335026,2020-01-18 16:32:59.849367,465.92523901666664,0,1,0,5,1,0,,winter,1,0,0,1
416067227,-1.4,-5.7237816,none,0.0,3.0,12.768586,20.880001,93.24231,1004.3356,,2020-01-18 08:48:23.025380,2020-01-18 16:33:06.902082,464.7312783666667,0,0,1,5,1,0,,winter,1,0,0,0
416071627,-0.85,-5.2638674,none,0.0,2.0,13.708391,25.199999,91.90784,1009.63885,,2020-01-18 08:47:20.283185,2020-01-18 16:33:29.042458,466.1459878833333,0,0,1,5,1,0,,winter,1,0,0,0
416091827,-0.2,-4.4366026,none,0.0,3.0,12.7279215,27.359999,89.28713,1006.5746,,2020-01-18 08:45:59.017502,2020-01-18 16:32:15.112897,466.2682565833333,0,0,1,5,1,0,,winter,1,0,0,0
416097627,0.1,-4.1895924,none,0.0,2.0,13.044722,26.28,87.04396,1007.4301,,2020-01-18 08:46:37.495225,2020-01-18 16:32:18.920945,465.69042866666666,0,0,1,5,1,0,,winter,1,0,0,0
416126427,0.25,-4.0129023,none,0.0,2.0,14.291592,27.0,95.74045,1003.61414,,2020-01-18 08:45:38.929702,2020-01-18 16:33:27.290983,467.80602135000004,0,0,1,5,1,0,,winter,1,0,0,0
416141027,-0.85,-6.010309,none,0.0,2.0,19.346441,33.839996,95.70247,1003.50775,,2020-01-18 08:47:25.333756,2020-01-18 16:33:42.045739,466.27853305,0,1,0,5,1,0,,winter,1,0,1,1
416171027,-1.1,-6.2477727,none,0.0,3.0,18.374111,35.28,90.8784,1004.4354,,2020-01-18 08:48:31.740247,2020-01-18 16:33:26.261704,464.90869095,0,1,0,5,1,0,,winter,1,0,1,1
416171827,-1.0,-6.003175,none,0.0,3.0,17.610588,32.039997,91.8982,1000.85,,2020-01-18 08:46:46.513521,2020-01-18 16:33:39.844961,466.88885733333336,0,1,0,5,1,0,,winter,1,0,1,1
416187227,-0.45,-5.3133907,none,0.0,2.0,18.0,31.68,97.83737,1001.8134,,2020-01-18 08:48:08.570674,2020-01-18 16:32:33.616971,464.41743828333335,0,1,0,5,1,0,,winter,1,0,1,1
416349427,1.4,-2.3156343,none,0.0,2.0,10.853866,22.68,90.071014,1006.52625,,2020-01-18 08:45:44.872625,2020-01-18 16:33:45.679896,468.0134545166667,0,1,0,5,1,0,,winter,1,0,0,1
416458827,0.2,-4.184351,none,0.0,2.0,15.124284,28.44,96.08758,1006.35645,,2020-01-18 08:47:08.037450,2020-01-18 16:32:33.055116,465.4169611,1,0,0,5,1,0,,winter,1,0,1,0
416478027,-2.45,-6.1422586,none,0.0,2.0,7.729527,16.56,94.937294,1002.0387,,2020-01-18 08:48:06.941709,2020-01-18 16:32:30.930687,464.3998163,0,0,1,5,1,0,,winter,0,0,0,0
416513827,-0.6,-5.6971073,none,0.0,4.0,19.107151,31.319998,95.36121,1006.7904,,2020-01-18 08:46:30.871855,2020-01-18 16:33:04.713565,466.5640285,0,1,0,5,1,0,,winter,1,0,1,1
416515827,-0.1,-4.82256,none,0.0,3.0,17.339897,29.88,97.48817,1009.59393,,2020-01-18 08:45:48.489261,2020-01-18 16:33:00.540622,467.2008560166667,0,1,0,5,1,0,,winter,1,0,1,1
416522627,-0.85,-5.6792927,none,0.0,3.0,16.418526,30.960001,90.89639,1003.4919,,2020-01-18 08:46:05.880409,2020-01-18 16:32:31.334448,466.42423398333335,0,1,0,5,1,0,,winter,1,0,1,1
416525227,-0.85,-5.6792927,none,0.0,3.0,16.418526,30.960001,90.89639,1005.1241,,2020-01-18 08:46:07.129869,2020-01-18 16:32:33.715010,466.4430856833333,0,1,0,5,1,0,,winter,1,0,1,1
416599827,0.65,-3.4793344,none,0.0,3.0,13.324863,23.759998,92.67542,1004.279,,2020-01-18 08:47:55.725293,2020-01-18 16:33:02.399983,465.11124483333333,0,0,1,5,1,0,,winter,1,0,0,0
416655427,-2.45,-6.1422586,none,0.0,2.0,7.729527,16.56,94.937294,1004.3077,,2020-01-18 08:47:54.333379,2020-01-18 16:32:20.449051,464.4352612,0,0,1,5,1,0,,winter,0,0,0,0
416942827,0.2,-4.184351,none,0.0,2.0,15.124284,28.44,96.08758,1005.4795,,2020-01-18 08:47:20.949717,2020-01-18 16:32:07.672439,464.7787120333333,1,0,0,5,1,0,,winter,1,0,1,0
417587627,-0.95,-6.034002,none,0.0,2.0,18.584509,34.2,94.64972,1002.356,,2020-01-18 08:47:55.356284,2020-01-18 16:32:20.432423,464.41793565,0,1,0,5,1,0,,winter,1,0,1,1
417711627,-0.9,-5.7561893,none,0.0,2.0,16.375053,32.760002,89.55908,1000.93994,,2020-01-18 08:48:13.376796,2020-01-18 16:33:14.997027,465.02700385,0,1,0,5,1,0,,winter,1,0,1,1
416286227,-0.15,-5.128283,none,0.0,3.0,17.673029,28.8,87.98647,1006.22144,,2020-01-19 08:46:25.785319,2020-01-19 16:34:55.438360,468.49421735000004,0,1,0,6,1,0,,winter,1,0,1,1
416266027,-0.65,-5.3525653,none,0.0,2.0,14.48972,25.56,81.94925,1005.8764,,2020-01-19 08:44:33.419065,2020-01-19 16:35:44.505264,471.18476998333335,0,1,0,6,1,0,,winter,1,0,0,1
416404827,1.8,-3.0653856,none,0.0,2.0,18.844202,41.039997,88.16597,1002.3721,,2020-01-20 08:45:29.910632,2020-01-20 16:38:03.953127,472.56737491666667,0,1,0,0,0,0,,winter,1,0,1,1
416316427,1.95,-3.4149187,none,0.0,3.0,22.3229,36.36,87.543236,1004.69574,,2020-01-20 08:45:01.392146,2020-01-20 16:36:38.360147,471.61613335000004,0,0,1,0,0,0,,winter,1,0,1,0
416049227,1.8,-3.821704,none,0.0,7.0,24.514387,40.32,91.08388,996.64526,,2020-01-16 08:49:47.495539,2020-01-16 16:29:11.586773,459.40152056666665,1,0,1,3,0,0,,winter,1,0,1,0
416387227,2.9,-2.344265,none,0.0,5.0,22.314194,41.760002,86.38131,999.09357,,2020-01-16 08:49:07.752919,2020-01-16 16:28:41.689567,459.5656108,1,0,0,3,0,0,,winter,0,0,1,0
416019027,1.45,-2.437273,none,0.0,3.0,12.620554,23.4,93.393936,1007.1092,,2020-01-17 08:49:48.556801,2020-01-17 16:32:49.570308,463.01689178333334,0,1,0,4,0,0,,winter,1,0,0,1
415918227,0.95,-3.281219,none,0.0,6.0,14.494192,30.239998,93.706795,1001.5875,,2020-01-17 08:48:25.167151,2020-01-17 16:33:59.553643,465.57310820000004,0,1,0,4,0,0,,winter,1,0,0,1
416036027,3.25,-0.62777185,none,0.0,4.0,13.339445,27.72,86.41739,1001.13873,,2020-01-17 08:51:01.881931,2020-01-17 16:31:25.691920,460.39683315,0,0,1,4,0,0,,winter,0,0,0,0
416046027,1.6,-2.3134837,none,0.0,2.0,12.964998,24.48,93.40177,1008.3947,,2020-01-17 08:46:40.273510,2020-01-17 16:30:05.622423,463.4224818833334,0,1,0,4,0,0,,winter,1,0,0,1
415956627,2.0,-2.0811062,none,0.0,4.0,13.679999,28.08,88.18415,1002.19904,,2020-01-17 08:48:07.603660,2020-01-17 16:30:43.506697,462.59838395,0,1,0,4,0,0,,winter,1,0,0,1
416029827,1.75,-2.141417,none,0.0,2.0,12.979984,21.96,93.40959,1002.03204,,2020-01-17 08:48:18.343642,2020-01-17 16:31:48.669780,463.5054356333333,0,1,0,4,0,0,,winter,1,0,0,1
415914827,2.45,-2.1307163,none,0.0,3.0,17.377226,30.960001,86.96076,999.66656,,2020-01-17 08:47:00.342949,2020-01-17 16:31:31.065241,464.51203819999995,0,1,0,4,0,0,,winter,0,0,1,1
416992227,-0.85,-5.3397417,none,0.0,3.0,14.182355,26.64,91.56959,1007.3411,,2020-01-18 08:46:49.828860,2020-01-18 16:33:24.244349,466.5735914833333,0,0,1,5,1,0,,winter,1,0,0,0
416255027,-0.35,-4.96315,none,0.0,3.0,13.708391,23.759998,78.9907,1008.29974,,2020-01-19 08:44:47.286191,2020-01-19 16:34:34.894761,469.79347616666666,0,0,1,6,1,0,,winter,1,0,0,0
415937227,2.5,-1.7266939,none,0.0,3.0,15.39184,27.72,89.187874,1002.3626,,2020-01-17 08:47:26.956809,2020-01-17 16:31:59.802022,464.5474202166667,0,0,1,4,0,0,,winter,0,0,1,0
415976827,3.55,-0.07293606,none,0.0,4.0,11.879999,26.28,86.13907,1002.1198,,2020-01-17 08:47:51.341456,2020-01-17 16:33:04.067272,465.2120969333333,0,0,1,4,0,0,,winter,0,0,0,0
415993627,3.55,-0.31724977,none,0.0,3.0,13.324863,24.48,84.91231,1004.6128,,2020-01-17 08:49:14.772288,2020-01-17 16:31:08.324068,461.8925296666667,0,0,1,4,0,0,,winter,0,0,0,0
415996227,2.2,-1.7587223,none,0.0,3.0,13.722565,24.48,92.1002,1003.2642,,2020-01-17 08:47:28.999727,2020-01-17 16:31:50.644886,464.36075265,0,1,0,4,0,0,,winter,0,0,0,1
416002027,2.05,-1.7562766,none,0.0,3.0,12.620554,23.759998,92.75593,1003.59784,,2020-01-17 08:48:31.205110,2020-01-17 16:32:30.963732,463.99597703333336,0,1,0,4,0,0,,winter,0,0,0,1
416006027,0.7,-3.1609447,none,0.0,6.0,11.901798,21.96,95.064224,1002.7482,,2020-01-17 08:47:58.855677,2020-01-17 16:35:34.443055,467.59312296666667,0,1,0,4,0,0,,winter,1,0,0,1
416006427,3.65,-0.30746198,none,0.0,4.0,14.05845,26.64,84.92363,1007.9144,,2020-01-17 08:47:43.675300,2020-01-17 16:30:54.687331,463.18353384999995,0,0,1,4,0,0,,winter,0,0,0,0
416007627,2.05,-1.7562766,none,0.0,2.0,12.620554,23.759998,92.75593,1004.34247,,2020-01-17 08:48:26.394126,2020-01-17 16:32:11.382883,463.74981261666665,0,1,0,4,0,0,,winter,0,0,0,1
416015227,1.9,-1.9891949,none,0.0,2.0,12.964998,24.119999,92.41393,1005.2008,,2020-01-17 08:47:27.139269,2020-01-17 16:30:22.540202,462.92334888333335,0,1,0,4,0,0,,winter,1,0,0,1
416015427,1.3,-2.5238454,none,0.0,3.0,12.24,23.039999,94.74532,1001.8158,,2020-01-17 08:48:25.356367,2020-01-17 16:32:56.243179,464.5147802,0,1,0,4,0,0,,winter,1,0,0,1
416017627,1.95,-1.8123133,none,0.0,2.0,11.928989,22.68,91.094315,1000.51904,,2020-01-17 08:49:20.859597,2020-01-17 16:30:35.495924,461.24393878333336,0,1,0,4,0,0,,winter,1,0,0,1
416022227,3.65,-0.49616313,none,0.0,3.0,15.5843,26.64,86.149536,1005.83875,,2020-01-17 08:49:14.232010,2020-01-17 16:31:24.954404,462.1787065666667,0,0,1,4,0,0,,winter,0,0,1,0
416023627,3.45,-0.58305097,none,0.0,4.0,14.404499,23.759998,85.20643,1008.66766,,2020-01-17 08:47:38.442357,2020-01-17 16:30:58.867698,463.34042235,0,0,1,4,0,0,,winter,0,0,0,0
416027027,1.8,-2.2486808,none,0.0,4.0,14.05845,23.759998,93.076385,1010.05914,,2020-01-17 08:47:12.514206,2020-01-17 16:31:12.819152,464.0050824333333,0,1,0,4,0,0,,winter,1,0,0,1
416058227,1.8,-2.2486808,none,0.0,3.0,14.05845,23.759998,93.076385,1005.6912,,2020-01-17 08:46:57.973410,2020-01-17 16:31:21.612020,464.39397683333334,0,1,0,4,0,0,,winter,1,0,0,1
416062427,1.8,-2.0722175,none,0.0,3.0,12.959999,24.48,93.7491,995.8364,,2020-01-17 08:47:55.164044,2020-01-17 16:32:02.184694,464.1170108333333,0,1,0,4,0,0,,winter,1,0,0,1
416113427,3.8,-0.22762108,none,0.0,3.0,14.830076,25.56,85.55094,1009.91327,,2020-01-17 08:47:08.942469,2020-01-17 16:31:16.582554,464.12733475,0,0,1,4,0,0,,winter,0,0,0,0
416133027,2.35,-1.3388693,none,0.0,3.0,11.928989,23.4,91.450165,1004.15063,,2020-01-17 08:49:05.300198,2020-01-17 16:31:23.255795,462.29925995,0,1,0,4,0,0,,winter,0,0,0,1
416879427,1.45,-2.6894634,none,0.0,2.0,14.404499,24.48,93.73172,1004.1447,,2020-01-17 08:48:20.439213,2020-01-17 16:31:48.791532,463.47253865000005,0,1,0,4,0,0,,winter,1,0,0,1
416965227,1.25,-2.8628783,none,0.0,2.0,14.05845,25.919998,94.061165,1005.0721,,2020-01-17 08:47:19.017683,2020-01-17 16:31:40.059115,464.35069053333336,0,1,0,4,0,0,,winter,1,0,0,1
417256227,-1.25,-6.836093,none,0.0,2.0,19.107151,30.599998,74.79341,976.971,,2020-01-22 08:41:28.050658,2020-01-22 16:41:06.427739,479.63961801666665,0,1,0,2,0,0,,winter,1,0,1,1
416428027,1.1,-4.8446136,snow,0.2,3.0,25.068514,41.039997,85.25317,990.5201,,2020-01-21 08:43:29.574116,2020-01-21 16:38:47.431979,475.29763105,0,1,0,1,0,0,,winter,1,0,1,1
416453027,1.2,-4.811185,none,0.0,2.0,24.993439,45.0,81.296326,993.9929,,2020-01-21 08:42:06.400536,2020-01-21 16:38:32.949850,476.44248856666667,0,1,0,1,0,0,,winter,1,0,1,1
416531827,3.1,-2.7620134,none,0.0,2.0,27.059933,49.32,87.96737,983.06854,,2020-01-21 08:42:33.123158,2020-01-21 16:37:58.036045,475.4152147833333,0,1,0,1,0,0,,winter,0,0,1,1
416632027,0.15,-5.883636,none,0.0,2.0,22.79684,40.68,71.74317,981.67395,,2020-01-22 08:40:32.159906,2020-01-22 16:40:22.197667,479.8339626833333,0,1,0,2,0,0,,winter,1,0,1,1
416665427,-0.3,-5.8174615,none,0.0,2.0,19.416653,38.16,75.24661,980.22784,,2020-01-22 08:43:12.952940,2020-01-22 16:42:49.936759,479.61639698333335,0,1,0,2,0,0,,winter,1,0,1,1
416736627,0.4,-5.2494764,snow,0.3,2.0,20.00512,46.44,69.40466,973.59863,,2020-01-22 08:41:07.544798,2020-01-22 16:39:55.681625,478.80228044999996,0,0,1,2,0,0,,winter,1,0,1,0
416789827,-3.8,-10.55361,none,0.0,2.0,25.189713,57.96,72.90064,973.57635,,2020-01-23 08:39:52.062504,2020-01-23 16:43:52.797428,484.01224873333337,1,0,1,3,0,0,,winter,0,0,1,0
416819027,-3.85,-10.68998,none,0.0,2.0,24.675106,51.12,63.078365,988.25867,,2020-01-23 08:39:52.848234,2020-01-23 16:42:22.781368,482.4988855666667,0,0,1,3,0,0,,winter,0,0,1,0
416765027,-2.3,-7.93356,rain,0.1,2.0,18.668005,38.88,74.60219,979.7174,,2020-01-23 08:40:24.251066,2020-01-23 16:42:56.007538,482.52927453333336,0,1,0,3,0,0,,winter,0,0,1,1
416773827,-2.4,-8.169886,none,0.0,4.0,19.602652,38.519997,75.15585,979.6543,,2020-01-23 08:39:59.724916,2020-01-23 16:45:17.828799,485.30173138333333,0,1,0,3,0,0,,winter,0,0,1,1
416793827,-3.9,-10.794076,snow,0.1,2.0,26.121714,52.92,73.16436,980.44666,,2020-01-23 08:40:15.274479,2020-01-23 16:43:26.893937,483.1936576333334,0,1,0,3,0,0,,winter,0,0,1,1
416809227,-4.25,-10.958657,snow,0.1,3.0,24.023088,46.44,67.3402,982.45197,,2020-01-23 08:40:24.958966,2020-01-23 16:44:07.675166,483.71193666666665,0,0,1,3,0,0,,winter,0,0,1,0
416809427,-4.0,-10.22022,none,0.0,2.0,20.674156,43.199997,66.08859,986.2054,,2020-01-23 08:39:21.034440,2020-01-23 16:42:26.822080,483.09646066666664,0,0,1,3,0,0,,winter,0,0,1,0
416820027,-3.6,-10.629545,snow,0.1,2.0,27.238941,50.039997,73.222145,987.03577,,2020-01-23 08:39:48.448652,2020-01-23 16:42:59.050769,483.17670195,1,0,1,3,0,0,,winter,0,0,1,0
416821027,-4.1,-11.000234,snow,0.1,2.0,25.478743,52.56,67.90386,983.69916,,2020-01-23 08:39:31.252128,2020-01-23 16:43:31.598664,484.0057756,0,0,1,3,0,0,,winter,0,0,1,0
416847627,-4.45,-11.658046,none,0.0,2.0,25.7041,51.839996,51.726345,988.6772,,2020-01-23 08:40:47.131154,2020-01-23 16:42:27.405951,481.6712466166666,0,0,1,3,0,0,,winter,0,0,1,0
416857027,-4.5,-11.801761,none,0.0,2.0,26.368616,47.16,52.1317,991.8104,,2020-01-23 08:39:45.204996,2020-01-23 16:43:02.401627,483.28661051666666,0,0,1,3,0,0,,winter,0,0,1,0
416860427,-3.85,-10.68998,none,0.0,2.0,24.675106,51.12,63.078365,985.8883,,2020-01-23 08:39:40.644262,2020-01-23 16:41:58.559022,482.29857933333335,0,0,1,3,0,0,,winter,0,0,1,0
416878627,-5.1,-11.473141,none,0.0,2.0,20.746122,39.96,62.023235,994.5957,,2020-01-23 08:38:36.007716,2020-01-23 16:41:54.503070,483.3082559,0,1,0,3,0,0,,winter,0,0,1,1
416882427,-3.9,-10.825699,none,0.0,2.0,25.455843,47.16,65.08227,987.16675,,2020-01-23 08:39:10.431635,2020-01-23 16:43:08.106172,483.9612422833333,0,0,1,3,0,0,,winter,0,0,1,0
416884027,-5.5,-11.562941,none,0.0,2.0,18.668005,33.48,64.44383,990.32184,,2020-01-23 08:38:58.172408,2020-01-23 16:43:11.761538,484.2264855,0,1,0,3,0,0,,winter,0,0,1,1
416918427,-5.4,-11.213077,none,0.0,4.0,16.831684,34.56,62.694206,987.7471,,2020-01-23 08:39:52.350021,2020-01-23 16:46:16.668981,486.405316,0,1,0,3,0,0,,winter,0,0,1,1
416926827,-4.5,-10.706747,none,0.0,2.0,20.46941,38.16,67.548775,982.6262,,2020-01-23 08:41:07.116985,2020-01-23 16:42:27.038429,481.33202406666663,0,0,1,3,0,0,,winter,0,0,1,0
416981027,-4.2,-10.997532,none,0.0,2.0,25.006397,48.6,70.58847,985.3532,,2020-01-23 08:39:49.981548,2020-01-23 16:43:10.856254,483.34791176666664,0,0,1,3,0,0,,winter,0,0,1,0
417038627,-4.4,-11.371977,none,0.0,2.0,24.063513,47.16,51.324116,990.8664,,2020-01-23 08:38:51.464221,2020-01-23 16:42:15.540589,483.40127279999996,0,0,1,3,0,0,,winter,0,0,1,0
417040227,-5.25,-11.664341,none,0.0,3.0,21.028437,39.239998,62.731606,993.6179,,2020-01-23 08:39:40.264243,2020-01-23 16:42:39.913893,482.9941608333333,0,1,0,3,0,0,,winter,0,0,1,1
417047227,-3.35,-10.2596445,snow,0.1,2.0,26.576681,52.199997,73.27016,984.7384,,2020-01-23 08:39:09.831254,2020-01-23 16:42:42.876577,483.5507553833333,1,0,1,3,0,0,,winter,0,0,1,0
417128227,-4.3,-10.894629,none,0.0,2.0,23.469128,45.0,69.745255,985.56903,,2020-01-23 08:40:41.423148,2020-01-23 16:43:15.705873,482.57137875,0,0,1,3,0,0,,winter,0,0,1,0
417153227,-5.45,-11.524235,none,0.0,2.0,18.947083,33.839996,66.2747,990.4378,,2020-01-23 08:41:02.977830,2020-01-23 16:42:16.164238,481.2197734666667,0,1,0,3,0,0,,winter,0,0,1,1
417180827,-5.6,-11.692272,none,0.0,3.0,18.844202,33.839996,64.676956,993.3281,,2020-01-23 08:39:22.080983,2020-01-23 16:42:41.996930,483.33193245,0,1,0,3,0,0,,winter,0,0,1,1
417645627,-4.7,-11.58024,none,0.0,3.0,24.248611,38.88,60.41764,991.98615,,2020-01-23 08:39:46.256962,2020-01-23 16:42:49.572993,483.0552671833333,0,1,0,3,0,0,,winter,0,0,1,1
418127827,-3.6,-10.629545,snow,0.1,2.0,27.238941,50.039997,73.222145,986.03845,,2020-01-23 08:39:58.549082,2020-01-23 16:42:57.377027,482.98046575,0,1,0,3,0,0,,winter,0,0,1,1
418376627,-5.55,-11.532242,none,0.0,2.0,18.089775,37.079998,64.43176,991.11597,,2020-01-23 08:39:07.828362,2020-01-23 16:42:02.662424,482.9139010333334,0,1,0,3,0,0,,winter,0,0,1,1
416859427,-5.35,-11.286494,none,0.0,4.0,17.581125,36.719997,61.466778,992.89575,,2020-01-23 08:39:52.664535,2020-01-23 16:45:45.730606,485.88443451666666,0,1,0,3,0,0,,winter,0,0,1,1
417381627,0.8,-3.9481983,snow,0.4,3.0,18.359999,33.48,96.80422,980.7558,,2020-01-24 08:37:16.050832,2020-01-24 16:44:20.616988,487.0761026,0,1,0,4,0,0,,winter,1,0,1,1
416410627,0.8,-4.905162,none,0.0,2.0,22.7057,40.32,82.44706,1000.9539,,2020-01-21 08:42:36.308542,2020-01-21 16:38:31.426167,475.9186270833333,0,1,0,1,0,0,,winter,1,0,1,1
416420427,1.2,-4.7258873,none,0.0,2.0,24.503809,46.079998,81.89592,991.8762,,2020-01-21 08:42:40.078827,2020-01-21 16:37:59.932684,475.3308976166666,0,1,0,1,0,0,,winter,1,0,1,1
416420627,1.3,-4.588093,none,0.0,2.0,24.149532,45.0,80.71488,994.17334,,2020-01-21 08:41:55.010154,2020-01-21 16:38:00.384944,476.08957983333335,0,1,0,1,0,0,,winter,1,0,1,1
416421027,0.85,-4.731245,snow,0.1,4.0,22.380884,44.639996,85.53814,987.9426,,2020-01-21 08:43:18.048547,2020-01-21 16:40:44.235911,477.43645606666666,0,1,0,1,0,0,,winter,1,0,1,1
416423827,0.95,-5.1257706,snow,0.2,3.0,25.772078,45.719997,84.92461,989.5488,,2020-01-21 08:42:46.506405,2020-01-21 16:39:27.860072,476.6892277833333,0,1,0,1,0,0,,winter,1,0,1,1
416424627,0.95,-5.1257706,snow,0.2,3.0,25.772078,45.719997,84.92461,991.76227,,2020-01-21 08:42:43.922158,2020-01-21 16:39:17.116172,476.5532335666667,0,1,0,1,0,0,,winter,1,0,1,1
416427827,1.1,-4.613841,snow,0.3,2.0,23.584808,41.039997,85.87908,989.2193,,2020-01-21 08:44:20.730279,2020-01-21 16:39:15.219035,474.9081459333333,1,0,1,1,0,0,,winter,1,0,1,0
416428827,1.1,-4.6326523,snow,0.3,3.0,23.664352,43.56,85.56562,990.84076,,2020-01-21 08:43:30.152320,2020-01-21 16:38:00.081246,474.49881543333333,1,0,1,1,0,0,,winter,1,0,1,0
416430827,1.1,-4.915088,snow,0.6,3.0,25.849905,44.639996,87.14314,987.6776,,2020-01-21 08:43:11.099529,2020-01-21 16:39:38.083740,476.44973684999997,1,0,1,1,0,0,,winter,1,0,1,0
416466427,1.1,-4.8147874,snow,0.2,3.0,24.717085,43.199997,84.32189,996.33936,,2020-01-21 08:41:57.895753,2020-01-21 16:38:47.053987,476.81930389999997,0,1,0,1,0,0,,winter,1,0,1,1
416501627,3.25,-2.6976252,none,0.0,2.0,27.362366,53.639996,85.491,990.1028,,2020-01-21 08:41:50.762789,2020-01-21 16:38:54.653455,477.06484443333335,0,0,1,1,0,0,,winter,0,0,1,0
416506827,3.15,-2.6247034,rain,0.1,2.0,26.28986,48.239998,86.71808,985.66296,,2020-01-21 08:42:35.359147,2020-01-21 16:37:58.929045,475.39283163333334,0,0,1,1,0,0,,winter,0,0,1,0
416519627,3.25,-2.6976252,none,0.0,3.0,27.362366,53.639996,85.491,990.1028,,2020-01-21 08:41:59.729552,2020-01-21 16:38:52.415634,476.87810136666667,0,0,1,1,0,0,,winter,0,0,1,0
416536227,3.15,-2.6811693,rain,0.2,2.0,27.021591,49.32,88.6049,982.4319,,2020-01-21 08:42:19.666669,2020-01-21 16:38:22.682425,476.0502626,0,1,0,1,0,0,,winter,0,0,1,1
416540627,3.15,-2.5564177,rain,0.4,2.0,26.282465,46.079998,89.241875,980.13574,,2020-01-21 08:44:20.656535,2020-01-21 16:39:13.888538,474.88720005,0,1,0,1,0,0,,winter,0,0,1,1
416548827,2.8,-2.8024662,rain,0.9,2.0,25.922499,50.039997,93.46401,979.13007,,2020-01-21 08:43:52.918509,2020-01-21 16:39:40.824568,475.79843431666666,0,1,0,1,0,0,,winter,0,0,1,1
416554827,3.15,-2.5564177,rain,0.4,2.0,26.282465,46.079998,89.241875,981.5851,,2020-01-21 08:43:47.386131,2020-01-21 16:39:05.937862,475.30919551666665,0,1,0,1,0,0,,winter,0,0,1,1
416553027,2.6,-2.8824947,rain,1.0,2.0,25.099514,45.36,94.799416,980.21326,,2020-01-21 08:43:39.667234,2020-01-21 16:39:11.307763,475.52734215,0,1,0,1,0,0,,winter,0,0,1,1
416559227,2.75,-2.9747548,rain,1.0,2.0,26.642431,45.36,93.12804,984.5021,,2020-01-21 08:43:20.017181,2020-01-21 16:39:12.366632,475.87249084999996,0,1,0,1,0,0,,winter,0,0,1,1
416562627,3.15,-2.747587,rain,0.1,2.0,27.419146,47.88,88.287926,987.9243,,2020-01-21 08:42:01.002528,2020-01-21 16:38:58.264440,476.95436520000004,0,1,0,1,0,0,,winter,0,0,1,1
416579227,2.85,-3.1372757,none,0.0,3.0,27.804028,49.68,88.89732,978.80164,,2020-01-21 08:42:41.144756,2020-01-21 16:39:34.151097,476.88343901666667,1,0,0,1,0,0,,winter,0,0,1,0
416580827,2.6,-2.979477,rain,1.1,2.0,25.764534,48.6,94.799416,982.0529,,2020-01-21 08:42:49.888680,2020-01-21 16:38:26.431016,475.6090389333333,0,1,0,1,0,0,,winter,0,0,1,1
416587227,2.95,-3.0608234,rain,0.2,2.0,28.137634,50.039997,89.2253,974.94977,,2020-01-21 08:42:43.723396,2020-01-21 16:39:47.060497,477.05561835000003,0,1,0,1,0,0,,winter,0,0,1,1
416589027,2.55,-3.0699213,rain,1.0,3.0,25.982424,49.32,94.79735,978.5237,,2020-01-21 08:42:21.894058,2020-01-21 16:40:25.108188,478.0535688333333,0,1,0,1,0,0,,winter,0,0,1,1
416610827,2.8,-2.8024662,rain,0.9,2.0,25.922499,50.039997,93.46401,979.85474,,2020-01-21 08:44:27.006287,2020-01-21 16:39:32.218705,475.0868736333333,0,1,0,1,0,0,,winter,0,0,1,1
416624027,3.3,-2.2996237,none,0.0,3.0,24.863468,44.639996,84.57919,985.5383,,2020-01-21 08:42:30.557399,2020-01-21 16:38:00.100044,475.49237741666667,0,0,1,1,0,0,,winter,0,0,1,0
416629827,2.65,-3.15314,rain,1.0,2.0,27.238941,45.36,94.12675,982.6396,,2020-01-21 08:43:16.516057,2020-01-21 16:39:06.568969,475.83421519999996,0,1,0,1,0,0,,winter,0,0,1,1
416667227,1.1,-4.7380495,snow,0.2,2.0,24.288662,44.28,84.941734,993.2535,,2020-01-21 08:42:56.459276,2020-01-21 16:38:08.258252,475.19664959999994,1,0,1,1,0,0,,winter,1,0,1,0
416716227,2.7,-2.8586519,rain,1.0,2.0,25.562534,49.68,93.79343,981.6101,,2020-01-21 08:42:10.405044,2020-01-21 16:38:22.138743,476.19556165,0,1,0,1,0,0,,winter,0,0,1,1
416942227,1.1,-4.613841,snow,0.3,3.0,23.584808,41.039997,85.87908,989.7101,,2020-01-21 08:43:47.838037,2020-01-21 16:39:09.200396,475.3560393166666,1,0,1,1,0,0,,winter,1,0,1,0
417040627,1.05,-4.536703,snow,0.3,2.0,22.61419,43.92,85.56012,990.00183,,2020-01-21 08:42:23.393757,2020-01-21 16:37:43.193369,475.3299935333333,0,1,0,1,0,0,,winter,1,0,1,1
417113427,2.85,-3.3093548,none,0.0,2.0,28.757215,52.92,87.6287,978.3352,,2020-01-21 08:41:58.326470,2020-01-21 16:39:42.429286,477.7350469333333,0,1,0,1,0,0,,winter,0,0,1,1
417115827,2.65,-3.311593,rain,1.1,3.0,28.266306,46.44,93.790985,984.43823,,2020-01-21 08:42:13.312744,2020-01-21 16:38:48.672442,476.5893283,0,1,0,1,0,0,,winter,0,0,1,1
417891427,2.75,-2.7474887,rain,1.0,2.0,25.20257,46.44,93.79588,981.9768,,2020-01-21 08:44:04.434946,2020-01-21 16:39:10.640056,475.1034185,0,1,0,1,0,0,,winter,0,0,1,1
421887027,2.65,-2.5923011,rain,0.6,2.0,23.452555,46.8,94.463585,979.31165,,2020-01-21 08:42:28.272860,2020-01-21 16:37:48.425071,475.3358701833333,0,1,0,1,0,0,,winter,0,0,1,1
451027827,3.25,-2.90728,none,0.0,3.0,28.8,51.839996,85.491,988.4429,,2020-01-21 08:42:43.416013,2020-01-21 16:39:06.944277,476.39213773333336,0,0,1,1,0,0,,winter,0,0,1,0
417034627,3.1,-2.7620134,none,0.0,2.0,27.059933,49.32,87.96737,984.64465,,2020-01-21 08:42:48.503730,2020-01-21 16:38:17.736713,475.48721638333336,1,0,0,1,0,0,,winter,0,0,1,0
416551227,2.75,-2.890188,rain,0.8,4.0,26.121714,51.839996,93.461426,974.6779,,2020-01-21 08:44:20.756712,2020-01-21 16:43:24.479772,479.062051,0,1,0,1,0,0,,winter,0,0,1,1
416561227,2.6,-3.3008265,rain,1.0,2.0,27.908709,48.96,94.46138,975.2225,,2020-01-21 08:42:59.840721,2020-01-21 16:39:42.734891,476.7149028333333,0,1,0,1,0,0,,winter,0,0,1,1
416455427,1.05,-4.536703,snow,0.3,2.0,22.61419,43.92,85.56012,990.2475,,2020-01-21 08:42:26.674470,2020-01-21 16:37:49.231371,475.37594835,1,0,1,1,0,0,,winter,1,0,1,0
416464027,0.9,-4.8638773,snow,0.1,3.0,23.584808,44.639996,84.918884,989.3469,,2020-01-21 08:42:09.801424,2020-01-21 16:40:09.334987,477.99222605,0,1,0,1,0,0,,winter,1,0,1,1
416545627,3.05,-2.8765593,none,0.0,2.0,27.44513,47.88,87.96277,985.1554,,2020-01-21 08:42:02.721440,2020-01-21 16:38:41.862863,476.65235705000003,0,1,0,1,0,0,,winter,0,0,1,1
416674827,1.1,-4.7380495,snow,0.2,2.0,24.288662,44.28,84.941734,989.931,,2020-01-21 08:42:32.459691,2020-01-21 16:37:56.074926,475.39358725,1,0,1,1,0,0,,winter,1,0,1,0
416879027,2.8,-2.7060056,none,0.0,4.0,24.50381,48.6,89.212845,978.00476,,2020-01-21 08:45:59.992050,2020-01-21 16:39:31.981486,473.53315726666665,0,0,1,1,0,0,,winter,0,0,1,0
416875627,-1.1,-6.515074,none,0.0,2.0,18.35647,29.519999,77.11371,975.63544,,2020-01-22 08:42:11.926712,2020-01-22 16:41:06.838452,478.91519566666665,0,1,0,2,0,0,,winter,1,0,1,1
417445027,0.6,-5.2480063,none,0.0,2.0,22.346113,37.44,74.84597,975.65125,,2020-01-22 08:42:16.731494,2020-01-22 16:40:54.849759,478.63530441666666,0,0,1,2,0,0,,winter,1,0,1,0
416706427,-1.2,-6.731184,none,0.0,2.0,18.844202,33.48,75.37034,977.7808,,2020-01-22 08:41:27.086671,2020-01-22 16:40:26.141413,478.98424570000003,0,1,0,2,0,0,,winter,1,0,1,1
416292227,1.55,-3.7073917,none,0.0,2.0,20.907913,38.88,85.92735,1005.6729,,2020-01-20 08:44:45.542763,2020-01-20 16:37:47.760394,473.0369605166667,0,1,0,0,0,0,,winter,1,0,1,1
416293827,1.5,-3.470395,none,0.0,3.0,19.09358,36.0,87.1825,1005.09955,,2020-01-20 08:44:53.213970,2020-01-20 16:37:57.963940,473.07916616666665,0,1,0,0,0,0,,winter,1,0,1,1
416296427,1.85,-3.2981021,none,0.0,2.0,20.519999,37.079998,86.27224,1005.11426,,2020-01-20 08:43:45.744224,2020-01-20 16:36:11.081915,472.42229485,0,0,1,0,0,0,,winter,1,0,1,0
416299027,1.8,-3.1309898,none,0.0,2.0,19.083395,35.64,86.895935,1005.4386,,2020-01-20 08:44:43.268187,2020-01-20 16:35:51.342203,471.1345669333333,1,0,1,0,0,0,,winter,1,0,1,0
