cell_id,time_bucket,temp_c,feels_like_c,precipitation_type,precipitation_mm,snow_depth_cm,wind_speed_ms,wind_gust_ms,humidity_pct,pressure_hpa,visibility_m
55.33_37.09,2020-01-17 19:00:00,0.7,-3.1609447,none,0.0,6.0,11.901798,21.96,95.064224,1002.7482,
55.39_37.18,2020-01-01 11:00:00,-2.15,-8.74206,none,0.0,4.0,23.83896,48.96,62.514606,984.3476,
55.39_37.22,2020-01-23 20:00:00,-5.4,-11.213077,none,0.0,4.0,16.831684,34.56,62.694206,987.7471,
55.44_36.88,2020-01-21 19:00:00,2.75,-2.890188,rain,0.8,4.0,26.121714,51.839996,93.461426,974.6779,
55.44_37.29,2020-01-23 19:00:00,-5.35,-11.286494,none,0.0,4.0,17.581125,36.719997,61.466778,992.89575,
55.49_37.57,2020-01-02 06:00:00,-0.55,-5.747608,snow,0.1,4.0,18.359999,34.56,84.751755,990.3238,
55.51_37.23,2020-01-17 08:00:00,0.95,-3.281219,none,0.0,6.0,14.494192,30.239998,93.706795,1001.5875,
55.52_37.37,2020-01-19 13:00:00,0.05,-4.370191,none,0.0,4.0,12.768586,26.64,79.347084,1006.5808,
55.52_37.58,2020-01-19 00:00:00,-1.4,-6.4753,none,0.0,3.0,17.388409,32.760002,89.18612,1002.532,
55.53_37.52,2020-01-12 16:00:00,-0.5,-7.0852575,none,0.0,10.0,27.06472,54.0,78.67274,988.7735,
55.54_37.5,2020-01-21 20:00:00,2.55,-3.0699213,rain,1.0,3.0,25.982424,49.32,94.79735,978.5237,
55.54_37.53,2020-01-02 19:00:00,1.2,-3.4358728,none,0.0,4.0,16.954432,33.12,90.05554,988.7626,
55.54_37.54,2020-01-13 08:00:00,1.3,-3.6155248,none,0.0,10.0,19.134262,37.44,91.048935,984.09766,
55.54_37.54,2020-01-17 14:00:00,3.6,-0.46655607,none,0.0,4.0,15.03835,29.16,86.45333,1002.00476,
55.54_37.56,2020-01-15 14:00:00,0.85,-5.5688663,none,0.0,8.0,28.820242,52.199997,90.02837,997.11145,
55.54_37.57,2020-01-13 09:00:00,1.3,-3.6155248,none,0.0,10.0,19.134262,37.44,91.048935,982.5134,
55.55_37.42,2020-01-17 14:00:00,3.55,-0.07293606,none,0.0,4.0,11.879999,26.28,86.13907,1002.1198,
55.55_37.53,2020-01-10 16:00:00,0.4,-3.2996082,none,0.0,6.0,8.905908,20.880001,84.54963,991.81726,
55.55_37.54,2020-01-09 16:00:00,1.35,-2.8467038,none,0.0,6.0,14.417988,27.0,92.04727,989.4811,
55.55_37.55,2020-01-08 00:00:00,-0.55,-4.9450006,none,0.0,5.0,13.441071,24.84,88.92904,1001.7558,
55.55_37.56,2020-01-21 08:00:00,0.9,-4.8638773,snow,0.1,3.0,23.584808,44.639996,84.918884,989.3469,
55.55_37.59,2020-01-03 21:00:00,-1.0,-6.635312,none,0.0,4.0,21.94524,40.32,91.8982,983.8769,
55.56_37.41,2020-01-19 18:00:00,-0.75,-5.22739,none,0.0,3.0,13.202726,25.56,84.41406,1005.4362,
55.57_37.22,2020-01-11 15:00:00,-0.7,-4.627718,snow,0.3,11.0,10.703569,28.44,93.28002,989.62866,
55.57_37.6,2020-01-09 13:00:00,1.4,-3.2614934,none,0.0,7.0,16.923828,31.68,87.49058,990.9875,
55.57_37.64,2020-01-21 23:00:00,2.85,-3.3093548,none,0.0,2.0,28.757215,52.92,87.6287,978.3352,
55.57_37.66,2020-01-05 07:00:00,-0.1,-4.6063447,none,0.0,5.0,13.797913,24.84,83.24907,983.9898,
55.57_37.66,2020-01-19 17:00:00,-0.65,-5.3525653,none,0.0,2.0,14.48972,25.56,81.94925,1005.8764,
55.57_37.67,2020-01-02 02:00:00,-1.05,-6.0485325,none,0.0,4.0,15.937878,28.08,80.07524,994.69696,
55.57_37.67,2020-01-19 15:00:00,-0.35,-4.846203,none,0.0,2.0,12.864649,25.56,78.69622,1005.84174,
55.57_37.68,2020-01-18 01:00:00,1.4,-2.3156343,none,0.0,2.0,10.853866,22.68,90.071014,1006.52625,
55.58_37.48,2020-01-15 21:00:00,1.55,-5.016922,none,0.0,8.0,30.248568,57.239998,88.143166,990.4944,
55.58_37.59,2020-01-12 14:00:00,-1.85,-8.786119,none,0.0,10.0,28.515089,52.92,79.354675,991.0037,
55.58_37.59,2020-01-16 11:00:00,2.15,-3.841158,rain,0.5,6.0,27.103003,49.68,89.158615,994.7782,
55.58_37.6,2020-01-08 16:00:00,-0.65,-5.7128816,none,0.0,5.0,17.974781,31.68,89.24941,996.764,
55.58_37.6,2020-01-10 13:00:00,0.05,-4.6774616,none,0.0,6.0,15.137133,28.44,81.13589,991.71576,
55.58_37.6,2020-01-15 19:00:00,2.0,-4.9002867,none,0.0,8.0,32.587456,57.96,85.66391,994.29,
55.58_37.6,2020-01-16 22:00:00,3.0,-1.9612472,none,0.0,4.0,20.883104,39.239998,88.59179,996.8792,
55.58_37.61,2020-01-02 07:00:00,-0.5,-6.097665,snow,0.4,4.0,21.325253,38.16,86.023476,987.7228,
55.58_37.61,2020-01-07 02:00:00,-2.75,-7.5763707,none,0.0,5.0,12.88981,21.96,75.092804,1001.79395,
55.58_37.66,2020-01-08 14:00:00,0.15,-4.8332148,none,0.0,5.0,17.84816,32.039997,87.048935,999.12244,
55.58_37.68,2020-01-01 03:00:00,0.7,-3.8571186,rain,0.1,4.0,16.78156,30.960001,95.755844,977.09143,
55.58_37.68,2020-01-07 23:00:00,-0.55,-4.894613,none,0.0,5.0,13.049689,22.68,88.60134,1005.01166,
55.59_37.6,2020-01-02 01:00:00,-1.05,-6.1595726,none,0.0,4.0,16.862455,30.239998,81.28436,990.15753,
55.59_37.6,2020-01-04 22:00:00,0.6,-4.3058043,none,0.0,5.0,18.043148,32.399998,89.02769,975.7914,
55.59_37.66,2020-01-02 10:00:00,0.4,-5.104698,snow,0.6,4.0,21.758419,38.519997,87.71523,988.11505,
55.59_37.66,2020-01-15 12:00:00,0.35,-5.587557,none,0.0,8.0,25.41763,47.88,92.65798,999.80524,
55.59_37.73,2020-01-03 19:00:00,0.15,-5.3596954,none,0.0,4.0,21.889065,38.519997,89.97371,988.2441,
55.59_37.73,2020-01-11 14:00:00,-0.65,-5.064825,snow,0.5,9.0,14.186923,25.199999,93.97041,992.9606,
55.59_37.73,2020-01-18 15:00:00,0.25,-4.0129023,none,0.0,2.0,14.291592,27.0,95.74045,1003.61414,
55.5_37.27,2020-01-19 05:00:00,-1.35,-5.6594057,none,0.0,4.0,12.224107,29.519999,89.52216,1003.24884,
55.5_37.33,2020-01-10 08:00:00,-0.05,-3.862411,none,0.0,7.0,10.594036,20.880001,93.65648,994.4233,
55.5_37.33,2020-01-23 04:00:00,-2.4,-8.169886,none,0.0,4.0,19.602652,38.519997,75.15585,979.6543,
55.5_37.6,2020-01-19 02:00:00,-1.45,-5.946844,none,0.0,3.0,13.37825,28.08,89.18188,1002.179,
55.61_37.26,2020-01-08 22:00:00,-0.4,-5.7194834,none,0.0,6.0,19.373219,37.44,85.08387,994.4663,
55.61_37.33,2020-01-01 22:00:00,-2.1,-6.885709,none,0.0,4.0,13.138765,26.28,75.78455,991.4894,
55.61_37.36,2020-01-05 23:00:00,-1.75,-6.231975,none,0.0,5.0,12.074766,23.4,81.79946,995.3793,
55.61_37.36,2020-01-17 19:00:00,1.3,-2.5238454,none,0.0,3.0,12.24,23.039999,94.74532,1001.8158,
55.61_37.39,2020-01-10 23:00:00,-0.5,-3.9249492,none,0.0,7.0,7.208994,14.4,91.5929,991.4873,
55.61_37.45,2020-01-07 06:00:00,-2.7,-7.631564,none,0.0,5.0,13.783817,26.28,76.25963,996.6898,
55.61_37.5,2020-01-13 19:00:00,1.1,-3.6699362,none,0.0,9.0,17.873556,33.839996,90.70481,982.47174,
55.61_37.53,2020-01-01 09:00:00,-1.2,-7.7904005,none,0.0,4.0,27.181787,52.92,83.42056,979.16046,
55.61_37.6,2020-01-09 19:00:00,0.85,-3.6852543,none,0.0,6.0,16.263872,29.16,92.35091,989.315,
55.61_37.6,2020-01-17 10:00:00,2.5,-1.7266939,none,0.0,3.0,15.39184,27.72,89.187874,1002.3626,
55.61_37.61,2020-01-15 07:00:00,0.5,-5.3069506,none,0.0,9.0,24.522314,43.199997,91.659004,1001.0361,
55.61_37.72,2020-01-17 06:00:00,2.45,-2.1307163,none,0.0,3.0,17.377226,30.960001,86.96076,999.66656,
55.61_37.72,2020-01-23 21:00:00,-5.5,-11.562941,none,0.0,2.0,18.668005,33.48,64.44383,990.32184,
55.61_37.73,2020-01-19 19:00:00,-0.85,-5.5480866,none,0.0,2.0,15.111424,27.72,87.921074,1005.58167,
55.61_37.74,2020-01-08 18:00:00,-0.6,-5.6327424,none,0.0,5.0,17.49615,30.960001,86.97386,999.5802,
55.62_37.41,2020-01-13 18:00:00,1.35,-3.3893514,none,0.0,9.0,17.873556,33.839996,90.39452,986.64435,
55.62_37.49,2020-01-13 14:00:00,1.65,-3.0650287,none,0.0,9.0,17.654686,33.12,88.15229,978.49774,
55.62_37.51,2020-01-04 12:00:00,-1.15,-6.3495264,none,0.0,4.0,17.727943,35.28,83.73903,969.9543,
55.62_37.51,2020-01-10 19:00:00,0.05,-3.846899,none,0.0,6.0,10.446206,21.24,88.005066,983.4801,
55.62_37.61,2020-01-16 12:00:00,3.0,-3.4110107,none,0.0,5.0,30.652895,55.079998,87.64285,993.45245,
55.62_37.62,2020-01-15 18:00:00,1.8,-4.9142876,none,0.0,8.0,31.311722,55.8,86.895935,997.4715,
55.62_37.73,2020-01-01 17:00:00,-4.35,-9.669623,none,0.0,4.0,14.386494,30.960001,66.79077,992.2282,
55.62_37.73,2020-01-09 07:00:00,-0.65,-6.668671,snow,0.8,6.0,24.122686,43.92,86.32681,990.88336,
55.62_37.74,2020-01-17 19:00:00,1.8,-2.2486808,none,0.0,3.0,14.05845,23.759998,93.076385,1005.6912,
55.63_37.44,2020-01-09 07:00:00,-1.0,-7.2751455,snow,0.8,6.0,25.7041,47.88,87.256966,986.7326,
55.63_37.53,2020-01-23 08:00:00,-3.8,-10.55361,none,0.0,2.0,25.189713,57.96,72.90064,973.57635,
55.63_37.61,2020-01-23 11:00:00,-4.1,-11.000234,snow,0.1,2.0,25.478743,52.56,67.90386,983.69916,
55.63_37.62,2020-01-17 17:00:00,2.2,-1.7587223,none,0.0,3.0,13.722565,24.48,92.1002,1003.2642,
55.63_37.66,2020-01-17 20:00:00,1.25,-2.8628783,none,0.0,2.0,14.05845,25.919998,94.061165,1005.0721,
55.64_37.36,2020-01-05 11:00:00,0.25,-4.4152784,none,0.0,5.0,14.277983,26.28,77.049835,986.4815,
55.64_37.45,2020-01-05 18:00:00,-0.65,-4.6728954,none,0.0,5.0,9.9571085,17.28,82.87033,991.2008,
55.64_37.54,2020-01-21 17:00:00,2.95,-3.0608234,rain,0.2,2.0,28.137634,50.039997,89.2253,974.94977,
55.64_37.66,2020-01-17 17:00:00,2.9,-1.0889921,none,0.0,3.0,14.044615,26.28,88.26547,1005.72546,
55.64_37.7,2020-01-08 19:00:00,-0.35,-5.4626913,none,0.0,5.0,18.089775,32.399998,85.72185,1001.204,
55.64_37.71,2020-01-23 11:00:00,-3.9,-10.825699,none,0.0,2.0,25.455843,47.16,65.08227,987.16675,
55.64_37.74,2020-01-08 17:00:00,-0.55,-5.606167,none,0.0,5.0,17.974781,30.960001,88.92904,1004.74286,
55.64_37.75,2020-01-15 10:00:00,0.65,-5.3567266,none,0.0,9.0,26.044699,45.36,91.66886,1006.14526,
55.64_37.76,2020-01-21 14:00:00,3.25,-2.6976252,none,0.0,2.0,27.362366,53.639996,85.491,990.1028,
55.65_37.39,2020-01-05 00:00:00,0.65,-3.8629947,none,0.0,6.0,15.349684,29.88,88.707115,977.936,
55.65_37.4,2020-01-15 18:00:00,1.65,-4.677794,none,0.0,8.0,28.766228,53.28,88.4727,997.21295,
55.65_37.49,2020-01-15 17:00:00,1.65,-4.677794,none,0.0,8.0,28.766228,53.28,88.4727,995.60956,
55.65_37.54,2020-01-17 21:00:00,1.8,-2.0722175,none,0.0,3.0,12.959999,24.48,93.7491,995.8364,
55.65_37.62,2020-01-04 21:00:00,0.3,-4.668146,none,0.0,6.0,18.079027,33.12,88.3518,975.9319,
55.65_37.72,2020-01-09 11:00:00,0.7,-4.4172096,snow,0.1,8.0,19.296133,31.319998,87.1036,994.5924,
55.65_37.73,2020-01-17 12:00:00,3.8,-0.22762108,none,0.0,3.0,14.830076,25.56,85.55094,1009.91327,
55.65_37.73,2020-01-21 18:00:00,3.15,-2.747587,rain,0.1,2.0,27.419146,47.88,88.287926,987.9243,
55.65_37.74,2020-01-17 20:00:00,1.6,-2.2632523,none,0.0,2.0,12.620554,24.119999,93.40177,1011.12177,
55.65_37.75,2020-01-15 12:00:00,0.45,-5.8528996,none,0.0,9.0,27.722336,48.6,90.65738,1006.7238,
55.65_37.76,2020-01-14 08:00:00,-1.65,-6.6660614,none,0.0,9.0,16.808569,29.519999,89.497444,1001.65515,
55.65_37.77,2020-01-18 17:00:00,-0.1,-4.82256,none,0.0,3.0,17.339897,29.88,97.48817,1009.59393,
55.66_37.4,2020-01-17 17:00:00,2.05,-1.7562766,none,0.0,3.0,12.620554,23.759998,92.75593,1003.59784,
55.66_37.41,2020-01-03 11:00:00,1.85,-2.75461,none,0.0,5.0,17.377226,33.12,89.78059,989.7672,
55.66_37.42,2020-01-16 20:00:00,3.0,-2.0154297,none,0.0,5.0,20.969805,38.519997,87.01525,994.84515,
55.66_37.43,2020-01-23 11:00:00,-4.25,-10.958657,snow,0.1,3.0,24.023088,46.44,67.3402,982.45197,
55.66_37.52,2020-01-11 09:00:00,-0.75,-4.827904,snow,0.8,7.0,12.0694,20.519999,96.05743,987.5392,
55.66_37.54,2020-01-16 00:00:00,1.8,-4.6632338,rain,0.1,7.0,29.853966,54.36,88.48603,992.5093,
55.66_37.54,2020-01-16 18:00:00,2.6,-2.8108025,none,0.0,4.0,23.400002,40.32,87.92124,989.43164,
55.66_37.54,2020-01-16 19:00:00,2.75,-2.5936348,none,0.0,4.0,23.051247,41.399998,87.61924,992.20483,
55.66_37.57,2020-01-21 16:00:00,2.85,-3.1372757,none,0.0,3.0,27.804028,49.68,88.89732,978.80164,
55.66_37.59,2020-01-01 21:00:00,-1.95,-6.9261613,none,0.0,4.0,14.408997,26.28,74.666145,991.7063,
55.66_37.73,2020-01-17 19:00:00,1.8,-2.2486808,none,0.0,4.0,14.05845,23.759998,93.076385,1010.05914,
55.66_37.74,2020-01-21 13:00:00,3.25,-2.6976252,none,0.0,3.0,27.362366,53.639996,85.491,990.1028,
55.66_37.75,2020-01-10 09:00:00,0.05,-4.104668,none,0.0,7.0,12.261158,27.0,88.32921,1000.1214,
55.66_37.76,2020-01-21 07:00:00,1.1,-4.8147874,snow,0.2,3.0,24.717085,43.199997,84.32189,996.33936,
55.66_37.8,2020-01-13 09:00:00,1.35,-3.7617233,none,0.0,10.0,20.532627,36.0,91.052444,988.08685,
55.67_37.43,2020-01-10 07:00:00,0.2,-4.3467946,none,0.0,7.0,15.141414,27.359999,88.66762,991.85187,
55.67_37.44,2020-01-11 11:00:00,-0.7,-4.8120103,snow,1.0,9.0,12.303366,23.039999,95.70768,989.81647,
55.67_37.49,2020-01-15 21:00:00,1.75,-4.863791,rain,0.1,8.0,30.466295,54.0,86.26179,995.5791,
55.67_37.49,2020-01-18 01:00:00,1.5,-2.6073637,none,0.0,2.0,13.698934,24.84,90.405754,1003.82043,
55.67_37.51,2020-01-21 20:00:00,2.6,-3.3008265,rain,1.0,2.0,27.908709,48.96,94.46138,975.2225,
55.67_37.52,2020-01-16 18:00:00,2.95,-2.3607273,none,0.0,4.0,22.881956,40.32,86.69789,991.90576,
55.67_37.53,2020-01-13 18:00:00,1.3,-3.5251634,none,0.0,8.0,18.514643,33.48,91.048935,983.6138,
55.67_37.54,2020-01-07 19:00:00,-0.8,-5.1562304,snow,0.1,5.0,12.72283,21.599998,87.27668,997.5464,
55.67_37.55,2020-01-14 18:00:00,0.15,-4.051024,none,0.0,9.0,13.358861,23.4,92.98532,995.49725,
55.67_37.55,2020-01-16 20:00:00,3.0,-2.2942853,none,0.0,5.0,22.881956,40.32,87.01525,992.4469,
55.67_37.56,2020-01-16 06:00:00,1.65,-4.3019795,none,0.0,7.0,26.562046,47.519997,90.74467,992.8134,
55.67_37.57,2020-01-01 11:00:00,-1.5,-8.317675,none,0.0,5.0,27.181787,52.199997,73.34251,983.3913,
55.67_37.61,2020-01-19 12:00:00,0.1,-4.5531015,none,0.0,3.0,14.408997,29.519999,79.35469,1002.6901,
55.67_37.66,2020-01-16 06:00:00,1.8,-3.9890592,none,0.0,7.0,25.49908,42.12,90.101875,997.0626,
55.67_37.74,2020-01-01 03:00:00,0.7,-3.9001014,rain,0.1,5.0,17.0763,30.599998,95.755844,980.278,
55.67_37.77,2020-01-13 04:00:00,1.1,-4.428483,none,0.0,10.0,23.023119,39.96,90.37578,989.299,
55.67_37.78,2020-01-11 08:00:00,-0.55,-4.355434,snow,0.7,8.0,10.446206,17.28,96.41586,996.9504,
55.68_37.28,2020-01-01 03:00:00,0.65,-3.5703514,rain,0.1,5.0,14.57889,32.399998,96.80035,972.8945,
55.68_37.45,2020-01-17 18:00:00,2.05,-1.7562766,none,0.0,2.0,12.620554,23.759998,92.75593,1004.34247,
55.68_37.56,2020-01-02 01:00:00,-1.5,-6.6789975,none,0.0,4.0,16.854767,29.88,80.31015,991.0854,
55.68_37.56,2020-01-18 22:00:00,-1.0,-6.003175,none,0.0,3.0,17.610588,32.039997,91.8982,1000.85,
55.68_37.57,2020-01-21 08:00:00,0.95,-5.1257706,snow,0.2,3.0,25.772078,45.719997,84.92461,989.5488,
55.68_37.62,2020-01-19 19:00:00,-0.8,-5.6656265,none,0.0,3.0,16.394829,29.16,88.57913,1008.634,
55.68_37.63,2020-01-10 14:00:00,0.55,-3.6495295,none,0.0,7.0,12.287555,26.28,83.33088,995.21564,
55.68_37.64,2020-01-15 15:00:00,1.4,-5.381887,none,0.0,9.0,31.361351,50.76,86.8558,1000.5569,
55.68_37.66,2020-01-19 12:00:00,0.3,-4.490062,none,0.0,4.0,15.39184,28.8,78.50524,1009.1467,
55.68_37.68,2020-01-13 16:00:00,1.6,-3.4559138,none,0.0,10.0,20.150354,32.399998,89.436066,991.3704,
55.68_37.68,2020-01-13 21:00:00,0.45,-4.3356266,none,0.0,10.0,17.418196,28.8,91.32186,995.87195,
55.68_37.72,2020-01-11 13:00:00,-0.65,-4.8408656,snow,0.4,10.0,12.413477,20.16,92.2595,997.98114,
55.68_37.75,2020-01-09 02:00:00,-0.65,-6.5664973,none,0.0,6.0,23.333443,40.32,85.688995,997.2979,
55.68_37.76,2020-01-21 17:00:00,3.05,-2.8765593,none,0.0,2.0,27.44513,47.88,87.96277,985.1554,
55.68_37.76,2020-01-23 08:00:00,-3.35,-10.2596445,snow,0.1,2.0,26.576681,52.199997,73.27016,984.7384,
55.68_37.84,2020-01-05 17:00:00,-0.25,-4.5209913,none,0.0,5.0,11.113451,23.4,76.67891,996.5832,
55.68_37.86,2020-01-19 17:00:00,-0.45,-4.960993,none,0.0,2.0,13.049689,23.759998,79.865135,1008.867,
55.68_37.86,2020-01-24 22:00:00,0.8,-3.9481983,snow,0.4,3.0,18.359999,33.48,96.80422,980.7558,
55.68_37.93,2020-01-14 15:00:00,0.25,-3.8686006,none,0.0,9.0,12.496719,26.28,90.31159,1001.9026,
55.69_37.41,2020-01-16 23:00:00,2.3,-2.0582376,none,0.0,5.0,16.575644,32.760002,92.10639,997.6337,
55.69_37.44,2020-01-12 00:00:00,-4.0,-7.8058453,none,0.0,10.0,7.2,19.44,94.51594,998.7625,
55.69_37.56,2020-01-06 10:00:00,-1.45,-5.323359,none,0.0,6.0,7.8625183,18.0,79.71537,1002.1955,
55.69_37.59,2020-01-09 13:00:00,1.4,-3.41896,none,0.0,8.0,18.0036,33.48,87.49058,988.1911,
55.69_37.6,2020-01-21 08:00:00,0.95,-5.1257706,snow,0.2,3.0,25.772078,45.719997,84.92461,991.76227,
55.69_37.62,2020-01-04 21:00:00,0.6,-4.3058043,none,0.0,6.0,18.043148,32.399998,89.02769,981.75305,
55.69_37.67,2020-01-08 15:00:00,0.15,-4.544072,none,0.0,6.0,16.055355,31.319998,88.33826,1005.8477,
55.69_37.72,2020-01-21 20:00:00,2.65,-3.311593,rain,1.1,3.0,28.266306,46.44,93.790985,984.43823,
55.69_37.74,2020-01-15 19:00:00,2.15,-4.7519937,none,0.0,9.0,32.59939,52.56,84.752655,1001.16187,
55.69_37.75,2020-01-03 19:00:00,-0.3,-5.678259,none,0.0,4.0,20.746122,35.64,91.27044,992.66174,
55.69_37.85,2020-01-23 16:00:00,-4.4,-11.371977,none,0.0,2.0,24.063513,47.16,51.324116,990.8664,
55.6_37.32,2020-01-13 19:00:00,0.7,-3.863824,none,0.0,10.0,16.09969,32.399998,91.00675,990.13776,
55.6_37.35,2020-01-21 07:00:00,0.85,-4.731245,snow,0.1,4.0,22.380884,44.639996,85.53814,987.9426,
55.6_37.47,2020-01-05 14:00:00,0.75,-4.303049,none,0.0,5.0,16.56,32.399998,71.861496,986.6381,
55.6_37.47,2020-01-16 16:00:00,2.5,-2.7187152,none,0.0,5.0,21.9718,41.399998,87.911995,992.5267,
55.6_37.64,2020-01-10 17:00:00,0.2,-3.8169665,none,0.0,6.0,11.269782,19.44,87.053925,991.82623,
55.6_37.67,2020-01-02 09:00:00,-0.2,-5.6006002,snow,0.3,4.0,20.291357,36.36,86.374016,989.9184,
55.6_37.75,2020-01-14 09:00:00,-1.65,-5.6158323,none,0.0,9.0,9.693296,16.56,90.16584,995.2675,
55.71_37.39,2020-01-02 02:00:00,-0.9,-5.788668,none,0.0,5.0,15.596767,29.88,82.22189,992.8962,
55.71_37.46,2020-01-20 07:00:00,1.55,-3.7073917,none,0.0,2.0,20.907913,38.88,85.92735,1005.6729,
55.71_37.51,2020-01-17 19:00:00,1.45,-2.6894634,none,0.0,2.0,14.404499,24.48,93.73172,1004.1447,
55.71_37.53,2020-01-23 07:00:00,-3.9,-10.794076,snow,0.1,2.0,26.121714,52.92,73.16436,980.44666,
55.71_37.58,2020-01-15 20:00:00,1.75,-5.2095265,none,0.0,8.0,32.83705,57.96,86.26179,998.83545,
55.71_37.59,2020-01-10 17:00:00,0.2,-4.0286303,none,0.0,7.0,12.768586,22.319998,87.37456,996.3531,
55.71_37.59,2020-01-15 21:00:00,1.7,-5.0986443,none,0.0,8.0,31.682043,57.96,86.25656,998.9558,
55.71_37.59,2020-01-18 10:00:00,-0.85,-5.3397417,none,0.0,3.0,14.182355,26.64,91.56959,1007.3411,
55.71_37.62,2020-01-03 06:00:00,1.45,-3.1793609,none,0.0,5.0,17.654688,29.16,93.05722,995.1738,
55.71_37.64,2020-01-04 21:00:00,0.35,-4.5659504,none,0.0,6.0,17.673029,30.239998,87.71049,982.6624,
55.71_37.65,2020-01-16 17:00:00,2.7,-2.6933398,none,0.0,6.0,23.224882,39.239998,86.985565,1000.5121,
55.71_37.65,2020-01-23 08:00:00,-3.6,-10.629545,snow,0.1,2.0,27.238941,50.039997,73.222145,987.03577,
55.71_37.67,2020-01-02 18:00:00,1.25,-3.6902256,none,0.0,6.0,19.09358,30.960001,90.05941,992.62683,
55.71_37.67,2020-01-16 02:00:00,2.55,-3.6860442,rain,0.1,8.0,28.673721,46.44,86.0338,999.8555,
55.71_37.67,2020-01-18 19:00:00,-0.6,-5.6971073,none,0.0,4.0,19.107151,31.319998,95.36121,1006.7904,
55.71_37.69,2020-01-06 15:00:00,-1.4,-4.9800453,none,0.0,6.0,4.6938257,9.0,70.62223,1006.9934,
55.71_37.73,2020-01-09 17:00:00,1.45,-3.008888,none,0.0,8.0,16.215992,25.919998,91.38974,995.96295,
55.71_37.77,2020-01-03 21:00:00,-0.8,-6.315004,none,0.0,4.0,21.166653,36.719997,90.89999,989.3681,
55.71_37.79,2020-01-15 14:00:00,0.8,-5.4044366,snow,0.2,9.0,27.248455,49.68,89.69684,1001.0187,
55.71_37.8,2020-01-19 16:00:00,-0.2,-4.738257,none,0.0,3.0,13.237039,24.48,78.42644,1007.4849,
55.71_37.82,2020-01-10 19:00:00,0.3,-3.9881487,none,0.0,7.0,13.32,23.4,87.70574,996.6338,
55.71_37.86,2020-01-03 19:00:00,0.15,-4.9576063,none,0.0,4.0,19.083395,33.839996,89.644485,990.3887,
55.71_37.9,2020-01-01 16:00:00,-4.4,-9.646022,none,0.0,4.0,14.021525,29.88,68.37146,994.29254,
55.71_37.94,2020-01-17 21:00:00,1.6,-2.3134837,none,0.0,2.0,12.964998,24.48,93.40177,1008.3947,
55.72_37.17,2020-01-22 08:00:00,-0.3,-5.8174615,none,0.0,2.0,19.416653,38.16,75.24661,980.22784,
55.72_37.6,2020-01-22 19:00:00,-1.25,-6.836093,none,0.0,2.0,19.107151,30.599998,74.79341,976.971,
55.72_37.62,2020-01-09 07:00:00,-0.6,-6.716658,snow,0.4,7.0,24.66197,42.48,85.06108,993.37524,
55.72_37.62,2020-01-13 10:00:00,1.4,-3.7631104,none,0.0,10.0,20.991426,33.839996,91.38636,988.9738,
55.72_37.63,2020-01-13 17:00:00,1.45,-3.4159713,none,0.0,9.0,18.847641,32.399998,90.402016,993.96826,
55.72_37.66,2020-01-04 14:00:00,-0.9,-6.8444953,snow,0.2,5.0,23.090569,36.719997,84.08254,981.95135,
55.72_37.69,2020-01-19 15:00:00,-0.1,-4.7847366,none,0.0,4.0,14.241629,25.919998,77.859055,1008.80396,
55.72_37.71,2020-01-17 16:00:00,3.45,-0.58305097,none,0.0,4.0,14.404499,23.759998,85.20643,1008.66766,
55.72_37.72,2020-01-04 16:00:00,-1.0,-6.084674,snow,0.5,5.0,17.58481,36.0,87.58144,982.4613,
55.72_37.77,2020-01-23 10:00:00,-4.0,-10.22022,none,0.0,2.0,20.674156,43.199997,66.08859,986.2054,
55.72_37.78,2020-01-13 22:00:00,0.0,-4.6844616,none,0.0,9.0,16.327497,30.239998,91.62605,994.5004,
55.72_37.78,2020-01-18 21:00:00,-0.85,-5.6792927,none,0.0,3.0,16.418526,30.960001,90.89639,1005.1241,
55.72_37.79,2020-01-18 22:00:00,-0.85,-5.6792927,none,0.0,3.0,16.418526,30.960001,90.89639,1003.4919,
55.72_37.79,2020-01-21 19:00:00,2.7,-2.8586519,rain,1.0,2.0,25.562534,49.68,93.79343,981.6101,
55.72_37.8,2020-01-16 10:00:00,2.35,-3.1535246,none,0.0,6.0,23.979893,45.719997,89.17535,997.1565,
55.72_37.82,2020-01-09 12:00:00,0.55,-4.2770267,snow,0.2,8.0,17.208603,31.68,87.40857,992.1122,
55.72_37.82,2020-01-16 17:00:00,2.65,-2.4963102,none,0.0,5.0,21.53089,39.96,87.29469,998.6581,
55.72_37.84,2020-01-04 19:00:00,0.1,-4.859225,none,0.0,5.0,17.49615,32.760002,86.08762,981.0072,
55.72_37.9,2020-01-12 14:00:00,-1.5,-8.190932,none,0.0,10.0,26.987997,47.519997,78.515236,995.0927,
55.73_37.38,2020-01-16 20:00:00,3.25,-1.6369812,none,0.0,5.0,20.316889,39.6,86.72816,995.2327,
55.73_37.42,2020-01-06 18:00:00,-2.2,-6.4727845,none,0.0,5.0,8.891343,15.84,70.45735,1003.8251,
55.73_37.42,2020-01-09 18:00:00,1.2,-3.0703576,none,0.0,7.0,14.869351,26.64,92.70719,990.74445,
55.73_37.46,2020-01-09 21:00:00,0.7,-4.0854883,none,0.0,7.0,17.518356,30.239998,90.34565,992.74274,
55.73_37.48,2020-01-18 18:00:00,-0.85,-6.010309,none,0.0,2.0,19.346441,33.839996,95.70247,1003.50775,
55.73_37.58,2020-01-13 12:00:00,1.6,-3.3567047,none,0.0,10.0,19.523155,32.039997,89.76074,988.9383,
55.73_37.63,2020-01-23 08:00:00,-3.6,-10.629545,snow,0.1,2.0,27.238941,50.039997,73.222145,986.03845,
55.73_37.67,2020-01-23 18:00:00,-4.7,-11.58024,none,0.0,3.0,24.248611,38.88,60.41764,991.98615,
55.73_37.7,2020-01-17 14:00:00,3.65,-0.30746198,none,0.0,4.0,14.05845,26.64,84.92363,1007.9144,
55.73_37.7,2020-01-23 18:00:00,-5.25,-11.664341,none,0.0,3.0,21.028437,39.239998,62.731606,993.6179,
55.73_37.86,2020-01-09 07:00:00,-0.55,-6.5658073,snow,0.8,6.0,24.192429,43.56,86.33732,992.4538,
55.73_37.86,2020-01-21 07:00:00,1.3,-4.588093,none,0.0,2.0,24.149532,45.0,80.71488,994.17334,
55.74_37.25,2020-01-10 07:00:00,0.05,-4.3335476,none,0.0,8.0,14.118243,26.28,90.296394,994.86,
55.74_37.25,2020-01-16 13:00:00,3.85,-1.6880193,none,0.0,6.0,24.95452,50.399998,84.03817,995.6206,
55.74_37.37,2020-01-14 02:00:00,-1.7,-6.4968805,none,0.0,9.0,15.876775,29.16,94.26775,991.506,
55.74_37.52,2020-01-15 06:00:00,-0.2,-5.662428,none,0.0,9.0,21.710716,37.079998,93.30677,1003.1038,
55.74_37.53,2020-01-13 23:00:00,-0.5,-5.0180473,none,0.0,8.0,14.799459,27.359999,92.268715,994.6567,
55.74_37.58,2020-01-13 11:00:00,1.6,-3.3567047,none,0.0,10.0,19.523155,32.039997,89.76074,988.6935,
55.74_37.6,2020-01-10 17:00:00,0.35,-3.7635198,none,0.0,7.0,12.074766,18.359999,87.068855,996.93713,
55.74_37.62,2020-01-09 16:00:00,1.5,-2.804661,none,0.0,7.0,15.158522,24.84,91.062935,995.2501,
55.74_37.63,2020-01-02 13:00:00,0.95,-4.738782,snow,0.2,5.0,23.313995,38.16,86.17774,992.0209,
55.74_37.64,2020-01-09 09:00:00,-0.55,-6.3630595,snow,0.1,7.0,22.66857,39.6,85.38286,994.00336,
55.74_37.7,2020-01-14 06:00:00,-1.2,-5.679826,none,0.0,10.0,14.021525,22.68,93.25311,998.1298,
55.74_37.76,2020-01-21 17:00:00,3.15,-2.6811693,rain,0.2,2.0,27.021591,49.32,88.6049,982.4319,
55.74_37.84,2020-01-15 14:00:00,0.8,-5.4044366,snow,0.2,9.0,27.248455,49.68,89.69684,1001.1433,
55.74_37.84,2020-01-18 13:00:00,-0.2,-4.4366026,none,0.0,3.0,12.7279215,27.359999,89.28713,1006.5746,
55.74_37.85,2020-01-19 14:00:00,0.75,-3.819845,none,0.0,3.0,14.145756,26.28,77.70718,1005.73895,
55.74_37.85,2020-01-23 19:00:00,-5.55,-11.532242,none,0.0,2.0,18.089775,37.079998,64.43176,991.11597,
55.74_37.86,2020-01-16 20:00:00,3.35,-1.7519579,none,0.0,4.0,21.791153,38.88,86.1181,997.9885,
55.75_37.2,2020-01-17 19:00:00,1.45,-2.437273,none,0.0,3.0,12.620554,23.4,93.393936,1007.1092,
55.75_37.33,2020-01-20 18:00:00,1.8,-3.0653856,none,0.0,2.0,18.844202,41.039997,88.16597,1002.3721,
55.75_37.44,2020-01-10 20:00:00,-0.3,-3.4816923,none,0.0,7.0,5.5887027,16.56,90.60221,999.1825,
55.75_37.51,2020-01-11 10:00:00,-0.75,-4.827904,snow,0.8,7.0,12.0694,20.519999,96.05743,996.08594,
55.75_37.51,2020-01-18 10:00:00,-0.85,-5.2638674,none,0.0,2.0,13.708391,25.199999,91.90784,1009.63885,
55.75_37.55,2020-01-03 05:00:00,1.4,-3.2707381,none,0.0,5.0,17.992796,28.44,93.72924,995.81335,
55.75_37.57,2020-01-15 14:00:00,0.8,-5.9744034,snow,0.1,9.0,31.056128,51.48,89.044716,1003.8652,
55.75_37.58,2020-01-03 18:00:00,-0.2,-5.5452623,none,0.0,5.0,20.3774,32.760002,89.616135,990.93524,
55.75_37.58,2020-01-10 00:00:00,0.65,-4.061632,none,0.0,7.0,16.563911,26.64,87.73891,996.124,
55.75_37.58,2020-01-10 18:00:00,0.25,-4.206665,none,0.0,7.0,14.33234,23.039999,87.05891,997.2773,
55.75_37.63,2020-01-15 11:00:00,0.7,-5.5263853,none,0.0,9.0,27.0,45.719997,87.74362,1002.27545,
55.75_37.69,2020-01-13 08:00:00,1.25,-4.0814943,none,0.0,10.0,21.986542,35.28,91.37623,987.29565,
55.75_37.71,2020-01-21 01:00:00,0.8,-4.905162,none,0.0,2.0,22.7057,40.32,82.44706,1000.9539,
55.75_37.72,2020-01-19 22:00:00,-0.05,-5.1398687,none,0.0,2.0,18.391735,29.519999,87.028984,1007.9859,
55.75_37.78,2020-01-14 09:00:00,-1.7,-6.545989,none,0.0,9.0,15.815435,28.8,91.173225,997.0585,
55.75_37.78,2020-01-15 22:00:00,1.95,-4.3712335,none,0.0,8.0,28.460497,53.28,85.03827,996.9504,
55.75_37.8,2020-01-09 23:00:00,0.65,-3.8083513,none,0.0,8.0,15.124284,27.72,89.68479,992.9604,
55.75_37.82,2020-01-06 19:00:00,-2.2,-6.0335855,none,0.0,6.0,6.151683,10.799999,72.65122,1004.04895,
55.75_37.83,2020-01-07 18:00:00,-0.9,-5.151699,snow,0.1,6.0,11.525623,20.16,84.396255,1004.13464,
55.76_37.24,2020-01-07 22:00:00,-0.4,-4.5726423,none,0.0,6.0,12.10157,22.319998,89.27039,1006.68207,
55.76_37.37,2020-01-06 06:00:00,-2.15,-6.1747713,none,0.0,6.0,9.504273,16.919998,88.78962,1003.50775,
55.76_37.38,2020-01-05 16:00:00,0.1,-4.11322,none,0.0,6.0,10.966713,25.919998,76.451996,992.40375,
55.76_37.41,2020-01-21 18:00:00,2.8,-2.8024662,rain,0.9,2.0,25.922499,50.039997,93.46401,979.13007,
55.76_37.46,2020-01-01 16:00:00,-3.7,-9.191635,none,0.0,5.0,15.484185,32.399998,62.86743,995.0775,
55.76_37.49,2020-01-07 19:00:00,-0.7,-5.050071,snow,0.1,6.0,12.904882,21.599998,88.26104,1008.2005,
55.76_37.54,2020-01-08 01:00:00,-0.3,-4.6337404,none,0.0,6.0,13.441071,22.319998,90.26973,1007.9299,
55.76_37.54,2020-01-08 16:00:00,0.0,-4.606759,none,0.0,7.0,15.408671,24.84,88.97638,1003.71857,
55.76_37.54,2020-01-21 19:00:00,2.75,-2.9747548,rain,1.0,2.0,26.642431,45.36,93.12804,984.5021,
55.76_37.55,2020-01-21 20:00:00,2.65,-3.15314,rain,1.0,2.0,27.238941,45.36,94.12675,982.6396,
55.76_37.6,2020-01-12 15:00:00,0.05,-6.9716573,none,0.0,10.0,29.651413,49.68,72.81005,990.4705,
55.76_37.62,2020-01-10 14:00:00,0.75,-3.2790284,none,0.0,8.0,11.212135,26.28,82.744644,996.36957,
55.76_37.63,2020-01-05 22:00:00,-1.35,-5.826006,none,0.0,6.0,12.313893,19.8,81.5477,998.48334,
55.76_37.65,2020-01-03 14:00:00,1.75,-3.4432132,none,0.0,5.0,20.570463,33.48,85.32566,989.4422,
55.76_37.66,2020-01-08 17:00:00,-0.45,-5.5370107,none,0.0,6.0,18.278645,29.16,88.93767,1000.4476,
55.76_37.69,2020-01-01 21:00:00,-1.75,-6.890938,none,0.0,5.0,15.683776,25.56,74.70261,996.2631,
55.76_37.7,2020-01-11 21:00:00,-3.45,-8.027227,none,0.0,10.0,12.6462,23.4,92.08452,999.5194,
55.76_37.74,2020-01-16 07:00:00,1.9,-3.7336998,none,0.0,6.0,24.651457,44.639996,90.762695,998.6279,
55.76_37.76,2020-01-15 10:00:00,0.85,-5.220544,none,0.0,9.0,26.28,47.519997,89.04896,1002.7687,
55.76_37.78,2020-01-16 12:00:00,2.95,-2.9223537,rain,0.1,6.0,26.959166,48.239998,87.95355,996.5875,
55.76_37.78,2020-01-20 08:00:00,1.85,-3.2981021,none,0.0,2.0,20.519999,37.079998,86.27224,1005.11426,
55.76_37.79,2020-01-19 16:00:00,-0.25,-5.0332937,none,0.0,2.0,14.917212,27.359999,78.71185,1006.47675,
55.76_37.8,2020-01-17 21:00:00,1.9,-1.9891949,none,0.0,2.0,12.964998,24.119999,92.41393,1005.2008,
55.76_37.82,2020-01-19 18:00:00,-0.35,-5.0515614,none,0.0,2.0,14.654254,26.64,81.382,1005.75934,
55.77_37.47,2020-01-15 18:00:00,2.1,-4.7277946,none,0.0,8.0,32.090523,55.079998,85.05521,1000.2925,
55.77_37.55,2020-01-12 15:00:00,-0.5,-7.727978,none,0.0,10.0,30.827856,48.96,74.08759,992.2558,
55.77_37.61,2020-01-06 11:00:00,-1.0,-4.8351946,none,0.0,6.0,6.8777895,14.4,71.78636,1005.6223,
55.77_37.61,2020-01-13 12:00:00,1.6,-3.3567047,none,0.0,10.0,19.523155,32.039997,89.76074,986.613,
55.77_37.61,2020-01-16 14:00:00,3.8,-2.2790942,none,0.0,6.0,28.66468,47.88,84.33404,995.0056,
55.77_37.61,2020-01-18 00:00:00,1.7,-2.3285112,none,0.0,3.0,13.698934,21.96,92.401985,1006.07605,
55.77_37.62,2020-01-04 21:00:00,0.3,-4.5064373,none,0.0,6.0,16.87398,29.16,87.70574,980.7515,
55.77_37.63,2020-01-09 06:00:00,-0.7,-6.9179254,snow,0.8,8.0,25.488914,42.48,86.64215,990.0442,
55.77_37.65,2020-01-06 15:00:00,-0.6,-4.2284656,none,0.0,6.0,5.2416787,14.04,68.14931,1005.9853,
55.77_37.73,2020-01-18 13:00:00,-0.2,-4.462409,none,0.0,2.0,12.904882,27.359999,89.28713,1005.0969,
55.77_37.74,2020-01-04 18:00:00,-0.2,-5.357294,none,0.0,6.0,18.440998,36.36,85.106606,977.8126,
55.77_37.83,2020-01-19 17:00:00,-0.45,-4.960993,none,0.0,2.0,13.049689,23.759998,79.865135,1007.35675,
55.77_37.84,2020-01-01 10:00:00,-1.15,-7.7867546,none,0.0,5.0,27.416782,50.76,82.49649,986.1467,
55.78_37.5,2020-01-04 15:00:00,-0.95,-6.5366154,snow,0.3,5.0,20.808498,37.44,85.656044,980.0833,
55.78_37.5,2020-01-23 09:00:00,-4.3,-10.894629,none,0.0,2.0,23.469128,45.0,69.745255,985.56903,
55.78_37.51,2020-01-13 18:00:00,0.95,-3.813853,none,0.0,9.0,17.727943,28.8,91.02437,993.2917,
55.78_37.58,2020-01-23 02:00:00,-2.3,-7.93356,rain,0.1,2.0,18.668005,38.88,74.60219,979.7174,
55.78_37.69,2020-01-21 19:00:00,2.6,-2.979477,rain,1.1,2.0,25.764534,48.6,94.799416,982.0529,
55.78_37.7,2020-01-09 19:00:00,0.95,-3.453547,none,0.0,8.0,15.517629,27.72,92.69278,994.94196,
55.78_37.71,2020-01-23 11:00:00,-3.85,-10.68998,none,0.0,2.0,24.675106,51.12,63.078365,988.25867,
55.78_37.72,2020-01-10 14:00:00,0.1,-4.687205,none,0.0,8.0,15.328561,29.88,79.35469,996.54834,
55.78_37.72,2020-01-12 17:00:00,0.05,-6.6848726,none,0.0,10.0,28.174458,51.839996,76.15837,992.2538,
55.78_37.73,2020-01-14 19:00:00,0.45,-3.621891,none,0.0,9.0,12.57426,26.64,91.65572,1002.338,
55.79_37.28,2020-01-14 08:00:00,-1.4,-5.580616,none,0.0,9.0,11.923557,23.4,94.28158,993.6271,
55.79_37.37,2020-01-01 03:00:00,0.7,-3.6101644,rain,0.1,5.0,15.141414,32.039997,96.10332,977.6943,
55.79_37.5,2020-01-21 19:00:00,2.6,-2.8824947,rain,1.0,2.0,25.099514,45.36,94.799416,980.21326,
55.79_37.51,2020-01-13 20:00:00,0.4,-4.261505,none,0.0,9.0,16.516901,27.0,91.31845,993.2697,
55.79_37.51,2020-01-22 18:00:00,-1.1,-6.515074,none,0.0,2.0,18.35647,29.519999,77.11371,975.63544,
55.79_37.54,2020-01-11 21:00:00,-2.95,-7.7247353,none,0.0,10.0,14.440443,23.759998,92.4622,998.1272,
55.79_37.57,2020-01-09 18:00:00,0.8,-3.5412858,none,0.0,8.0,14.830076,24.119999,92.01276,991.3539,
55.79_37.58,2020-01-04 04:00:00,-2.3,-7.7972355,none,0.0,5.0,19.64228,32.399998,90.11523,983.79974,
55.79_37.58,2020-01-19 16:00:00,-0.4,-5.051481,none,0.0,3.0,14.182355,27.359999,80.77108,1006.38306,
55.79_37.59,2020-01-05 12:00:00,0.75,-4.4769344,none,0.0,6.0,18.388212,29.519999,75.99538,988.9018,
55.79_37.62,2020-01-09 15:00:00,1.9,-2.6618848,none,0.0,8.0,16.65754,30.239998,86.90594,990.4823,
55.79_37.63,2020-01-10 07:00:00,0.15,-4.0356565,none,0.0,8.0,13.1041975,21.96,91.971664,995.26483,
55.79_37.63,2020-01-11 17:00:00,-2.05,-6.095591,none,0.0,10.0,10.239453,16.919998,92.86111,995.95465,
55.79_37.68,2020-01-17 04:00:00,2.0,-2.0811062,none,0.0,4.0,13.679999,28.08,88.18415,1002.19904,
55.79_37.69,2020-01-16 08:00:00,1.85,-3.7023175,none,0.0,6.0,24.20314,44.639996,91.74703,998.6755,
55.79_37.69,2020-01-22 18:00:00,-1.2,-6.731184,none,0.0,2.0,18.844202,33.48,75.37034,977.7808,
55.79_37.7,2020-01-16 19:00:00,3.2,-1.9803803,none,0.0,4.0,22.101183,40.32,85.79345,999.0861,
55.79_37.71,2020-01-09 11:00:00,0.65,-4.187381,snow,0.1,8.0,17.377226,32.399998,87.41825,991.5522,
55.79_37.71,2020-01-14 16:00:00,0.5,-3.5437906,none,0.0,9.0,12.181625,25.199999,90.00109,1002.0356,
55.79_37.71,2020-01-15 20:00:00,2.25,-4.29337,none,0.0,8.0,30.192822,55.079998,84.45716,999.9094,
55.79_37.72,2020-01-16 16:00:00,2.9,-2.344265,none,0.0,5.0,22.314194,41.760002,86.38131,999.09357,
55.79_37.72,2020-01-21 16:00:00,3.1,-2.7620134,none,0.0,2.0,27.059933,49.32,87.96737,984.64465,
55.79_37.75,2020-01-18 14:00:00,0.1,-4.1895924,none,0.0,2.0,13.044722,26.28,87.04396,1007.4301,
55.79_37.77,2020-01-16 08:00:00,2.05,-3.714445,none,0.0,6.0,25.603062,45.36,90.12107,998.7109,
55.79_37.79,2020-01-21 13:00:00,3.3,-2.2996237,none,0.0,3.0,24.863468,44.639996,84.57919,985.5383,
55.7_37.39,2020-01-19 18:00:00,-0.45,-5.1653247,none,0.0,3.0,15.141414,27.72,84.76337,1006.5198,
55.7_37.4,2020-01-05 14:00:00,1.05,-3.251833,none,0.0,6.0,11.659777,30.960001,71.920395,994.2326,
55.7_37.42,2020-01-20 07:00:00,1.5,-3.470395,none,0.0,3.0,19.09358,36.0,87.1825,1005.09955,
55.7_37.46,2020-01-15 16:00:00,1.45,-5.2395697,none,0.0,8.0,31.037344,53.28,88.45491,997.7687,
55.7_37.5,2020-01-21 08:00:00,1.1,-4.915088,snow,0.6,3.0,25.849905,44.639996,87.14314,987.6776,
55.7_37.52,2020-01-17 23:00:00,1.75,-2.141417,none,0.0,2.0,12.979984,21.96,93.40959,1002.03204,
55.7_37.53,2020-01-15 22:00:00,1.75,-4.863791,rain,0.1,8.0,30.466295,54.0,86.26179,992.7501,
55.7_37.55,2020-01-01 12:00:00,-2.15,-8.518676,none,0.0,4.0,22.127556,47.519997,61.071125,985.62897,
55.7_37.62,2020-01-08 10:00:00,0.0,-4.6256833,snow,0.1,6.0,15.778516,25.199999,90.62434,1005.811,
55.7_37.62,2020-01-15 23:00:00,1.8,-4.6632338,rain,0.1,8.0,29.853966,54.36,88.48603,1001.6409,
55.7_37.62,2020-01-21 13:00:00,3.25,-2.90728,none,0.0,3.0,28.8,51.839996,85.491,988.4429,
55.7_37.62,2020-01-23 09:00:00,-4.2,-10.997532,none,0.0,2.0,25.006397,48.6,70.58847,985.3532,
55.7_37.65,2020-01-23 16:00:00,-4.5,-11.801761,none,0.0,2.0,26.368616,47.16,52.1317,991.8104,
55.7_37.67,2020-01-14 17:00:00,0.15,-3.8702579,none,0.0,10.0,12.0694,19.44,92.64634,1004.5233,
55.7_37.74,2020-01-13 21:00:00,0.45,-4.3356266,none,0.0,10.0,17.418196,28.8,91.32186,995.0049,
55.7_37.74,2020-01-14 23:00:00,-0.75,-4.858448,none,0.0,10.0,11.384198,19.08,89.57135,1005.0602,
55.7_37.74,2020-01-23 20:00:00,-5.6,-11.692272,none,0.0,3.0,18.844202,33.839996,64.676956,993.3281,
55.7_37.75,2020-01-07 19:00:00,-0.7,-4.976122,snow,0.1,6.0,12.397806,19.44,88.26104,1006.9411,
55.7_37.75,2020-01-14 21:00:00,-0.25,-3.9725182,none,0.0,9.0,9.779817,19.8,93.64633,1005.03296,
55.7_37.75,2020-01-19 11:00:00,-0.1,-5.18057,none,0.0,4.0,17.339897,29.88,80.51402,1007.96277,
55.7_37.76,2020-01-17 16:00:00,3.55,-0.42221355,none,0.0,3.0,14.044615,24.84,84.91231,1007.5575,
55.7_37.77,2020-01-14 18:00:00,0.25,-3.9216387,none,0.0,9.0,13.207634,22.68,92.65217,1002.619,
55.7_37.77,2020-01-21 07:00:00,1.2,-4.811185,none,0.0,2.0,24.993439,45.0,81.296326,993.9929,
55.7_37.78,2020-01-07 01:00:00,-3.65,-8.292158,none,0.0,5.0,10.587918,19.08,70.97757,1005.7173,
55.7_37.78,2020-01-19 16:00:00,-0.35,-4.96315,none,0.0,3.0,13.708391,23.759998,78.9907,1008.29974,
55.7_37.81,2020-01-03 01:00:00,1.45,-2.656963,none,0.0,5.0,13.910169,24.84,92.05353,995.34357,
55.7_37.81,2020-01-07 00:00:00,-3.65,-8.292158,none,0.0,5.0,10.587918,19.08,70.97757,1007.2431,
55.7_37.81,2020-01-22 07:00:00,0.15,-5.883636,none,0.0,2.0,22.79684,40.68,71.74317,981.67395,
55.7_37.83,2020-01-13 08:00:00,1.3,-3.8140357,none,0.0,10.0,20.5484,36.36,91.37961,987.9359,
55.7_37.93,2020-01-23 19:00:00,-5.1,-11.473141,none,0.0,2.0,20.746122,39.96,62.023235,994.5957,
55.81_37.39,2020-01-01 17:00:00,-4.6,-9.53581,none,0.0,5.0,12.661564,25.199999,76.81632,992.46075,
55.81_37.4,2020-01-10 20:00:00,-0.3,-3.4816923,none,0.0,7.0,5.5887027,16.56,90.60221,995.3248,
55.81_37.47,2020-01-17 17:00:00,2.35,-1.3388693,none,0.0,3.0,11.928989,23.4,91.450165,1004.15063,
55.81_37.48,2020-01-06 19:00:00,-2.2,-6.507893,none,0.0,6.0,9.19939,15.4800005,71.00022,1004.862,
55.81_37.48,2020-01-21 08:00:00,1.1,-4.613841,snow,0.3,3.0,23.584808,41.039997,85.87908,989.7101,
55.81_37.49,2020-01-21 17:00:00,3.15,-2.5564177,rain,0.4,2.0,26.282465,46.079998,89.241875,981.5851,
55.81_37.51,2020-01-05 01:00:00,0.95,-3.7996736,none,0.0,6.0,17.072504,28.44,87.44726,980.16785,
55.81_37.57,2020-01-11 19:00:00,-2.2,-6.4512253,none,0.0,10.0,11.5199995,19.44,92.85252,995.6452,
55.81_37.57,2020-01-21 07:00:00,1.1,-4.8446136,snow,0.2,3.0,25.068514,41.039997,85.25317,990.5201,
55.81_37.58,2020-01-10 12:00:00,0.15,-4.7186794,none,0.0,8.0,15.84409,25.919998,78.77422,993.9951,
55.81_37.58,2020-01-12 19:00:00,-0.55,-6.8612537,none,0.0,10.0,25.952478,43.199997,84.43776,988.4629,
55.81_37.58,2020-01-15 20:00:00,2.0,-4.5759745,none,0.0,8.0,30.25928,50.399998,85.043915,996.3633,
55.81_37.64,2020-01-01 01:00:00,0.45,-3.9979844,snow,0.2,5.0,15.716793,28.44,95.400246,974.74963,
55.81_37.66,2020-01-18 16:00:00,0.2,-4.184351,none,0.0,2.0,15.124284,28.44,96.08758,1006.35645,
55.81_37.77,2020-01-21 07:00:00,1.2,-4.7258873,none,0.0,2.0,24.503809,46.079998,81.89592,991.8762,
55.81_37.78,2020-01-02 17:00:00,1.0,-3.7256472,snow,0.1,6.0,17.414476,33.12,90.368256,989.11896,
55.81_37.82,2020-01-21 20:00:00,2.65,-2.5923011,rain,0.6,2.0,23.452555,46.8,94.463585,979.31165,
55.81_37.84,2020-01-21 08:00:00,1.05,-4.536703,snow,0.3,2.0,22.61419,43.92,85.56012,990.00183,
55.82_37.45,2020-01-17 12:00:00,3.65,-0.49616313,none,0.0,3.0,15.5843,26.64,86.149536,1005.83875,
55.82_37.46,2020-01-03 15:00:00,1.7,-3.3556988,none,0.0,5.0,19.576189,33.48,85.32011,992.3351,
55.82_37.52,2020-01-09 18:00:00,1.05,-3.0734797,none,0.0,8.0,13.75558,24.48,93.03522,990.635,
55.82_37.53,2020-01-04 15:00:00,-0.8,-6.557515,snow,0.3,5.0,21.980644,33.12,84.72267,978.1363,
55.82_37.53,2020-01-22 11:00:00,0.6,-5.2480063,none,0.0,2.0,22.346113,37.44,74.84597,975.65125,
55.82_37.57,2020-01-19 15:00:00,-0.25,-5.2758403,none,0.0,3.0,16.62249,27.359999,79.00614,1004.5963,
55.82_37.58,2020-01-16 07:00:00,1.8,-3.821704,none,0.0,7.0,24.514387,40.32,91.08388,996.3986,
55.82_37.64,2020-01-01 19:00:00,-2.9,-7.931358,none,0.0,5.0,14.05845,28.08,73.92219,994.32825,
55.82_37.65,2020-01-08 10:00:00,0.0,-4.349216,snow,0.1,7.0,13.979872,25.919998,91.29106,1002.63745,
55.82_37.72,2020-01-21 08:00:00,1.1,-4.7380495,snow,0.2,2.0,24.288662,44.28,84.941734,993.2535,
55.82_37.82,2020-01-02 20:00:00,1.25,-3.1056247,none,0.0,6.0,15.137133,31.319998,90.38703,990.1657,
55.83_37.35,2020-01-19 14:00:00,0.55,-4.2556305,none,0.0,2.0,15.629971,29.519999,77.963715,1004.84937,
55.83_37.35,2020-01-21 19:00:00,2.8,-2.8024662,rain,0.9,2.0,25.922499,50.039997,93.46401,979.85474,
55.83_37.45,2020-01-21 18:00:00,2.75,-2.7474887,rain,1.0,2.0,25.20257,46.44,93.79588,981.9768,
55.83_37.5,2020-01-16 09:00:00,2.15,-3.4660907,none,0.0,7.0,24.696104,42.839996,90.12874,996.918,
55.83_37.53,2020-01-09 17:00:00,1.15,-3.068266,none,0.0,8.0,14.512064,24.48,93.04072,991.6264,
55.83_37.53,2020-01-19 22:00:00,-0.15,-5.128283,none,0.0,3.0,17.673029,28.8,87.98647,1006.22144,
55.83_37.57,2020-01-04 04:00:00,-2.3,-7.7972355,none,0.0,5.0,19.64228,32.399998,90.11523,983.30566,
55.83_37.65,2020-01-11 06:00:00,-0.9,-4.318148,none,0.0,8.0,7.208994,12.24,94.65188,995.801,
55.83_37.73,2020-01-16 08:00:00,2.05,-3.714445,none,0.0,6.0,25.603062,45.36,90.12107,995.99756,
55.83_37.81,2020-01-04 18:00:00,-0.75,-6.0182714,snow,0.1,6.0,18.844202,38.519997,85.996635,977.84564,
55.83_37.82,2020-01-02 09:00:00,-0.3,-5.458069,snow,0.4,5.0,18.720001,36.36,87.6486,987.89386,
55.83_37.83,2020-01-03 04:00:00,1.3,-3.194125,none,0.0,5.0,16.78156,31.68,94.40388,991.32214,
55.84_37.38,2020-01-13 15:00:00,1.85,-3.0000846,none,0.0,9.0,18.899143,36.0,88.81144,987.29425,
55.84_37.39,2020-01-09 17:00:00,1.2,-3.0703576,none,0.0,7.0,14.869351,26.64,92.70719,995.0559,
55.84_37.5,2020-01-18 16:00:00,0.65,-3.4793344,none,0.0,3.0,13.324863,23.759998,92.67542,1004.279,
55.84_37.57,2020-01-20 10:00:00,1.95,-3.4149187,none,0.0,3.0,22.3229,36.36,87.543236,1004.69574,
55.85_37.4,2020-01-21 08:00:00,1.1,-4.613841,snow,0.3,2.0,23.584808,41.039997,85.87908,989.2193,
55.85_37.41,2020-01-21 17:00:00,3.15,-2.5564177,rain,0.4,2.0,26.282465,46.079998,89.241875,980.13574,
55.85_37.42,2020-01-16 11:00:00,3.05,-2.8786244,none,0.0,6.0,27.459293,47.519997,87.96277,993.7259,
55.85_37.43,2020-01-03 19:00:00,-0.35,-5.6747017,none,0.0,5.0,20.188908,35.28,90.26591,986.1667,
55.85_37.43,2020-01-18 23:00:00,-0.9,-5.7561893,none,0.0,2.0,16.375053,32.760002,89.55908,1000.93994,
55.85_37.44,2020-01-14 23:00:00,-0.6,-4.7250376,none,0.0,9.0,11.681987,20.16,89.91464,1001.6167,
55.85_37.44,2020-01-17 08:00:00,0.8,-3.4021833,none,0.0,3.0,13.979871,26.28,92.68411,1000.61566,
55.85_37.45,2020-01-02 18:00:00,1.3,-3.3102043,none,0.0,6.0,16.93531,29.88,90.39078,988.3553,
55.85_37.49,2020-01-17 16:00:00,3.55,-0.31724977,none,0.0,3.0,13.324863,24.48,84.91231,1004.6128,
55.85_37.56,2020-01-15 20:00:00,2.2,-4.082092,none,0.0,8.0,28.348713,51.12,84.45132,998.6991,
55.85_37.65,2020-01-04 01:00:00,-1.45,-6.9314175,none,0.0,5.0,19.914215,36.0,87.537994,987.9288,
55.85_37.67,2020-01-12 01:00:00,-3.9,-7.262682,none,0.0,10.0,3.8939953,15.4800005,91.36227,1001.6187,
55.85_37.68,2020-01-01 22:00:00,-1.75,-6.693304,none,0.0,5.0,14.512064,28.08,76.13423,994.3193,
55.85_37.68,2020-01-11 14:00:00,-0.45,-4.1666903,snow,0.3,10.0,9.021574,20.519999,89.92649,995.0786,
55.86_37.37,2020-01-18 21:00:00,-1.1,-6.2477727,none,0.0,3.0,18.374111,35.28,90.8784,1004.4354,
55.86_37.42,2020-01-03 23:00:00,-1.3,-6.6851377,none,0.0,5.0,19.513195,33.839996,88.5345,985.3409,
55.86_37.43,2020-01-06 19:00:00,-2.75,-7.040484,none,0.0,6.0,8.714677,15.119999,70.88779,1003.2353,
55.86_37.44,2020-01-14 19:00:00,0.1,-3.6461234,none,0.0,9.0,10.239453,23.039999,93.32274,998.45197,
55.86_37.54,2020-01-13 20:00:00,0.6,-3.900934,none,0.0,9.0,15.617529,30.239998,91.3321,991.0199,
55.86_37.56,2020-01-01 06:00:00,-0.05,-6.223693,none,0.0,5.0,26.200977,47.16,89.6283,982.2057,
55.86_37.56,2020-01-07 12:00:00,-1.15,-5.7289753,none,0.0,6.0,12.979984,23.4,80.060425,1004.09796,
55.86_37.56,2020-01-10 14:00:00,0.1,-4.555938,none,0.0,8.0,14.471821,27.359999,79.65027,994.7137,
55.86_37.61,2020-01-11 19:00:00,-2.4,-6.7934303,none,0.0,10.0,12.324414,24.48,92.84105,998.6375,
55.87_37.41,2020-01-02 22:00:00,1.4,-2.9171255,none,0.0,6.0,15.137133,25.919998,91.05594,989.9537,
55.87_37.45,2020-01-01 08:00:00,-0.25,-6.4563727,none,0.0,5.0,25.862436,46.44,87.00897,981.40875,
55.87_37.55,2020-01-13 19:00:00,0.6,-3.900934,none,0.0,9.0,15.617529,30.239998,91.3321,990.281,
55.87_37.56,2020-01-03 18:00:00,-0.45,-5.806938,none,0.0,5.0,20.26899,35.28,89.92649,987.5635,
55.87_37.59,2020-01-09 11:00:00,0.0,-4.8989697,snow,0.3,8.0,17.31746,32.760002,88.324684,989.80597,
55.87_37.59,2020-01-23 16:00:00,-4.45,-11.658046,none,0.0,2.0,25.7041,51.839996,51.726345,988.6772,
55.87_37.62,2020-01-01 15:00:00,-2.55,-8.168719,none,0.0,5.0,16.80857,37.8,61.448215,992.59454,
55.87_37.62,2020-01-08 23:00:00,-0.2,-5.9584827,none,0.0,7.0,22.473343,41.760002,84.47912,997.58185,
55.87_37.64,2020-01-15 19:00:00,2.2,-4.2876287,none,0.0,8.0,29.810522,55.44,84.7584,999.4117,
55.87_37.68,2020-01-07 16:00:00,-1.05,-5.456058,none,0.0,6.0,12.413477,28.8,84.06438,1004.9725,
55.87_37.68,2020-01-18 17:00:00,0.2,-4.184351,none,0.0,2.0,15.124284,28.44,96.08758,1005.4795,
55.88_37.43,2020-01-18 10:00:00,-1.4,-5.7237816,none,0.0,3.0,12.768586,20.880001,93.24231,1004.3356,
55.88_37.45,2020-01-09 06:00:00,-0.7,-6.663007,snow,0.6,8.0,23.740902,42.48,86.64215,989.4213,
55.88_37.45,2020-01-19 18:00:00,-0.6,-5.322896,none,0.0,3.0,15.281989,26.64,86.33207,1005.08466,
55.88_37.49,2020-01-16 18:00:00,2.9,-2.3370576,none,0.0,5.0,22.26477,39.239998,86.38131,994.81464,
55.88_37.6,2020-01-19 17:00:00,-0.4,-5.1791463,none,0.0,2.0,15.315873,28.08,82.59505,1006.913,
55.88_37.69,2020-01-04 08:00:00,-2.05,-8.011862,none,0.0,5.0,22.380884,43.92,84.89436,983.90735,
55.88_37.72,2020-01-05 12:00:00,0.7,-4.107145,none,0.0,6.0,15.596767,29.16,76.83868,990.59717,
55.88_37.73,2020-01-05 23:00:00,-1.55,-5.9460936,none,0.0,6.0,11.4862,23.759998,80.605576,1000.6206,
55.89_37.5,2020-01-01 17:00:00,-4.7,-9.518054,none,0.0,5.0,11.792404,21.96,76.799194,990.7217,
55.89_37.54,2020-01-02 21:00:00,1.25,-2.8708143,none,0.0,6.0,13.684735,25.199999,91.37623,987.73694,
55.89_37.54,2020-01-09 03:00:00,-0.65,-6.221443,none,0.0,7.0,21.370783,41.039997,88.59247,989.97577,
55.89_37.59,2020-01-08 07:00:00,-0.35,-4.5847583,snow,0.1,7.0,12.904882,23.759998,91.602875,1001.3088,
55.89_37.59,2020-01-12 23:00:00,0.5,-5.1958933,snow,0.1,10.0,23.263912,41.039997,88.36983,985.28436,
55.89_37.6,2020-01-05 06:00:00,0.35,-4.961897,none,0.0,6.0,19.592731,37.44,82.38785,984.17145,
55.89_37.67,2020-01-21 08:00:00,1.1,-4.6326523,snow,0.3,3.0,23.664352,43.56,85.56562,990.84076,
55.89_37.69,2020-01-04 19:00:00,-0.45,-5.425347,none,0.0,6.0,17.10284,34.56,86.02885,980.3105,
55.89_37.69,2020-01-06 17:00:00,-1.7,-5.977935,none,0.0,6.0,9.19939,16.56,70.022865,1006.4127,
55.89_37.71,2020-01-20 08:00:00,1.8,-3.1309898,none,0.0,2.0,19.083395,35.64,86.895935,1005.4386,
55.8_37.5,2020-01-13 17:00:00,1.3,-3.354448,none,0.0,9.0,17.238699,32.399998,90.39078,990.1445,
55.8_37.51,2020-01-09 17:00:00,1.05,-3.0734797,none,0.0,8.0,13.75558,24.48,93.03522,991.865,
55.8_37.54,2020-01-13 20:00:00,0.4,-4.261505,none,0.0,9.0,16.516901,27.0,91.31845,992.158,
55.8_37.57,2020-01-16 08:00:00,1.8,-3.821704,none,0.0,7.0,24.514387,40.32,91.08388,996.64526,
55.8_37.58,2020-01-10 18:00:00,0.25,-4.206665,none,0.0,8.0,14.33234,23.039999,87.05891,994.05426,
55.8_37.64,2020-01-02 19:00:00,1.3,-3.2606018,none,0.0,6.0,16.595179,31.319998,90.39078,989.65454,
55.8_37.66,2020-01-01 04:00:00,0.8,-3.5076394,rain,0.1,5.0,15.124284,27.359999,95.41316,977.5841,
55.8_37.76,2020-01-04 16:00:00,-0.95,-6.0012197,snow,0.5,5.0,17.399586,38.88,87.58626,979.88715,
55.8_37.78,2020-01-21 15:00:00,3.15,-2.6247034,rain,0.1,2.0,26.28986,48.239998,86.71808,985.66296,
55.8_37.79,2020-01-21 08:00:00,1.1,-4.7380495,snow,0.2,2.0,24.288662,44.28,84.941734,989.931,
55.8_37.79,2020-01-21 17:00:00,3.1,-2.7620134,none,0.0,2.0,27.059933,49.32,87.96737,983.06854,
55.8_37.79,2020-01-22 16:00:00,0.4,-5.2494764,snow,0.3,2.0,20.00512,46.44,69.40466,973.59863,
55.8_37.79,2020-01-23 12:00:00,-3.85,-10.68998,none,0.0,2.0,24.675106,51.12,63.078365,985.8883,
55.8_37.8,2020-01-07 16:00:00,-1.0,-5.280197,none,0.0,6.0,11.592894,22.319998,84.070435,1003.26117,
55.8_37.82,2020-01-21 08:00:00,1.05,-4.536703,snow,0.3,2.0,22.61419,43.92,85.56012,990.2475,
55.8_37.84,2020-01-05 03:00:00,0.2,-4.7869062,none,0.0,6.0,17.873556,34.56,86.73432,979.68396,
55.91_37.53,2020-01-18 18:00:00,-0.45,-5.3133907,none,0.0,2.0,18.0,31.68,97.83737,1001.8134,
55.91_37.54,2020-01-10 15:00:00,0.7,-3.2593012,none,0.0,8.0,10.594036,25.919998,82.13066,991.35394,
55.91_37.54,2020-01-17 22:00:00,1.95,-1.8123133,none,0.0,2.0,11.928989,22.68,91.094315,1000.51904,
55.91_37.54,2020-01-18 09:00:00,-2.45,-6.1422586,none,0.0,2.0,7.729527,16.56,94.937294,1002.0387,
55.91_37.58,2020-01-18 20:00:00,-0.95,-6.034002,none,0.0,2.0,18.584509,34.2,94.64972,1002.356,
55.91_37.58,2020-01-23 21:00:00,-5.45,-11.524235,none,0.0,2.0,18.947083,33.839996,66.2747,990.4378,
55.92_37.39,2020-01-13 09:00:00,1.4,-3.4794874,none,0.0,10.0,18.94024,37.8,90.726585,981.3514,
55.92_37.39,2020-01-14 20:00:00,-0.25,-4.1700153,none,0.0,9.0,11.183201,20.16,93.989685,998.1031,
55.97_37.16,2020-01-04 21:00:00,0.15,-4.450132,none,0.0,7.0,15.459054,30.239998,88.66322,973.37,
55.98_37.16,2020-01-11 14:00:00,-0.55,-4.2359676,snow,0.1,10.0,8.39657,21.599998,87.62469,988.3372,
55.98_37.16,2020-01-21 16:00:00,2.8,-2.7060056,none,0.0,4.0,24.50381,48.6,89.212845,978.00476,
55.98_37.18,2020-01-15 13:00:00,0.15,-5.2553205,snow,0.1,10.0,21.566973,43.92,92.64634,992.6241,
55.99_37.23,2020-01-17 14:00:00,3.25,-0.62777185,none,0.0,4.0,13.339445,27.72,86.41739,1001.13873,
55.9_37.55,2020-01-23 09:00:00,-4.5,-10.706747,none,0.0,2.0,20.46941,38.16,67.548775,982.6262,
55.9_37.56,2020-01-03 21:00:00,-0.95,-6.2884407,none,0.0,5.0,19.681828,34.92,89.8869,984.74915,
55.9_37.59,2020-01-18 08:00:00,-2.45,-6.1422586,none,0.0,2.0,7.729527,16.56,94.937294,1004.3077,
55.9_37.63,2020-01-13 16:00:00,1.7,-3.206068,none,0.0,9.0,19.33639,35.64,90.09416,988.72845,
56.0_37.2,2020-01-01 15:00:00,-3.75,-8.874779,none,0.0,6.0,13.276144,36.0,65.887924,983.3278,
56.0_37.2,2020-01-19 19:00:00,-0.7,-5.395258,none,0.0,4.0,15.226764,29.16,87.935135,1000.3482,
56.0_37.21,2020-01-05 13:00:00,0.7,-4.551485,none,0.0,7.0,18.0036,35.28,72.66231,983.7288,
56.0_37.21,2020-01-10 08:00:00,-0.6,-4.9079876,none,0.0,9.0,13.358861,26.28,92.94333,988.37823,
